fid_1,Lake,EM17,EM18,EM19,EM20,EM21,EM22,EM23,EM24,SFM17,SFM18,SFM19,SFM20,SFM21,SFM22,SFM23,SFM24,dEM18,dSM18,dEM19,dSM19,dEM20,dSM20,dEM21,dSM21,dEM22,dSM22,dEM23,dSM23,dEM24,dSM24
1,Aisetas,6.73,8.91,10.88,7.45,6.17,5.47,9.67,6.58,0.94,1.67,4.01,6.25,7.98,7.2,2.75,7.14,2.1799999999999997,0.73,1.9700000000000009,2.34,-3.4300000000000006,2.24,-1.2800000000000002,1.7300000000000004,-0.7000000000000002,-0.7800000000000002,4.2,-4.45,-3.09,4.39
3,Alaušai,1.93,4.11,7.19,3.56,3.15,2.78,4.78,5.37,7.83,5.73,5.1,8.28,8.83,10.37,6.7,6.47,2.1800000000000006,-2.0999999999999996,3.08,-0.6300000000000008,-3.63,3.1799999999999997,-0.41000000000000014,0.5500000000000007,-0.3700000000000001,1.5399999999999991,2.0000000000000004,-3.669999999999999,0.5899999999999999,-0.23000000000000043
4,Alaušas,2.09,3.09,3.76,2.57,2.37,2.97,3.18,3.4,1.68,3.81,5.23,5.53,8.52,5.59,4.95,5.14,1,2.13,0.6699999999999999,1.4200000000000004,-1.19,0.2999999999999998,-0.19999999999999973,2.9899999999999993,0.6000000000000001,-2.9299999999999997,0.20999999999999996,-0.6399999999999997,0.21999999999999975,0.1899999999999995
5,Almajas,4.12,5.77,6.9,4.83,5.06,4.75,7.14,6.88,1.42,2.33,5.11,6.91,6.93,7.1,4.16,6.78,1.6499999999999997,0.91,1.1300000000000008,2.78,-2.0700000000000003,1.7999999999999998,0.2299999999999995,0.01999999999999957,-0.3099999999999996,0.16999999999999993,2.3899999999999997,-2.9399999999999995,-0.2599999999999998,2.62
7,Alsakys,3.55,9.04,12.39,7.79,7.36,6.19,15.12,8.12,8.12,2.57,6.3,9.56,11.85,11.28,3.09,9.23,5.489999999999999,-5.549999999999999,3.3500000000000014,3.73,-4.6000000000000005,3.2600000000000007,-0.4299999999999997,2.289999999999999,-1.17,-0.5700000000000003,8.93,-8.19,-7,6.140000000000001
12,Antalieptė Reservoir,3.2,5.46,7.19,4.29,3.02,2.78,6.52,5.91,1.19,2.35,6.8,9.43,10.37,12,6.16,9.69,2.26,1.16,1.7300000000000004,4.449999999999999,-2.9000000000000004,2.63,-1.27,0.9399999999999996,-0.2400000000000002,1.6300000000000008,3.74,-5.84,-0.6099999999999994,3.5299999999999994
15,Asalnai,2.55,4.92,6.94,4.14,3.61,3.21,6.66,4.86,1.37,3.41,5.46,7,8.38,7.56,3.87,6.69,2.37,2.04,2.0200000000000005,2.05,-2.8000000000000007,1.54,-0.5299999999999998,1.3800000000000008,-0.3999999999999999,-0.8200000000000012,3.45,-3.689999999999999,-1.7999999999999998,2.8200000000000003
16,Asavas,2.03,3.51,5.51,2.79,2.68,2.65,4.93,4.57,1.57,4.55,8.96,11.18,11.1,11.86,8.19,9.86,1.48,2.9799999999999995,2,4.410000000000001,-2.72,2.219999999999999,-0.10999999999999988,-0.08000000000000007,-0.03000000000000025,0.7599999999999998,2.28,-3.67,-0.35999999999999943,1.67
17,Asveja (Dubingiai Lake),2.93,6.65,6.18,4.14,2.86,2.26,5.5,5.81,2.65,0.76,3.23,4.14,4.99,5.14,2.52,2.5,3.72,-1.89,-0.47000000000000064,2.47,-2.04,0.9099999999999996,-1.2799999999999998,0.8500000000000005,-0.6000000000000001,0.14999999999999947,3.24,-2.6199999999999997,0.3099999999999996,-0.02000000000000001
22,Baltieji Lakajai,1.78,3.23,4.28,2.89,2.15,1.47,3.26,2.99,0.76,2.25,3.51,2.79,6.09,3.63,2.11,2.76,1.45,1.49,1.0500000000000005,1.2599999999999998,-1.39,-0.7199999999999998,-0.7400000000000002,3.3,-0.6799999999999999,-2.46,1.7899999999999998,-1.52,-0.2699999999999996,0.6499999999999999
24,Baluošai,3.51,6.07,6.03,4.41,3.56,3.1,6.02,4.9,2.25,0.88,4.95,4.91,6.39,6.22,2.84,4.86,2.5600000000000005,-1.37,-0.04000000000000003,4.07,-1.62,-0.04000000000000003,-0.8500000000000001,1.4799999999999995,-0.46,-0.16999999999999993,2.9199999999999995,-3.38,-1.1199999999999992,2.0200000000000005
26,Bebrusai,2.42,4.36,6.43,3.07,2.41,2.36,15.06,4.64,4.2,3.33,5.59,7.5,8.52,8.45,1.94,6.03,1.9400000000000004,-0.8700000000000001,2.0699999999999994,2.26,-3.36,1.91,-0.6599999999999997,1.0199999999999996,-0.05000000000000026,-0.07000000000000028,12.7,-6.51,-10.420000000000002,4.09
29,Didžiulis (Alytus),6.22,7.81,7.66,6.56,6.64,5.77,10.65,6.3,4.51,3.16,5.41,5.63,6.68,6.73,2.29,6.19,1.59,-1.3499999999999996,-0.14999999999999947,2.25,-1.1000000000000003,0.21999999999999975,0.08000000000000007,1.0499999999999998,-0.8700000000000001,0.05000000000000071,4.880000000000001,-4.44,-4.3500000000000005,3.9
30,Didžiulis (Dusmena),1.06,4.07,11.96,3.81,3.74,1.55,1.64,2.38,5.12,4.1,4.56,12.45,7.41,11.65,11.32,10.62,3.01,-1.0200000000000005,7.890000000000001,0.46,-8.15,7.89,-0.06999999999999984,-5.039999999999999,-2.1900000000000004,4.24,0.08999999999999986,-0.33000000000000007,0.74,-0.7000000000000011
33,Dūkštas,3.37,4.19,5,4.97,4.26,3.72,4.87,4.54,0.65,1.52,3.26,3.2,5.48,3.81,2.61,2.89,0.8200000000000003,0.87,0.8099999999999996,1.7399999999999998,-0.03000000000000025,-0.05999999999999961,-0.71,2.28,-0.5399999999999996,-1.6700000000000004,1.15,-1.2000000000000002,-0.33000000000000007,0.28000000000000025
34,Dūriai,7.15,10.22,13.6,7.24,6.73,7.12,9.19,9.85,8.12,3.07,5.46,10.6,11.13,10.9,8.3,8.06,3.0700000000000003,-5.049999999999999,3.379999999999999,2.39,-6.359999999999999,5.14,-0.5099999999999998,0.5300000000000011,0.3899999999999997,-0.23000000000000043,2.0699999999999994,-2.5999999999999996,0.6600000000000001,-0.2400000000000002
38,Elektrėnai Reservoir,3.76,5.71,7.57,5.4,5.15,6.43,5.27,5.26,7.16,4.33,6.52,8.8,9.06,7.16,7.92,8.13,1.95,-2.83,1.8600000000000003,2.1899999999999995,-2.17,2.280000000000001,-0.25,0.2599999999999998,1.2799999999999994,-1.9000000000000004,-1.16,0.7599999999999998,-0.00999999999999978,0.21000000000000085
41,Galuonai,3.7,4.78,7.75,4.51,5.18,3.49,5.49,9.3,2.78,6.82,9.67,10.93,10.76,11.57,8.34,9.14,1.08,4.040000000000001,2.97,2.8499999999999996,-3.24,1.2599999999999998,0.6699999999999999,-0.16999999999999993,-1.6899999999999995,0.8100000000000005,2,-3.2300000000000004,3.810000000000001,0.8000000000000007
42,Galuonis,7.18,9.29,12.44,8.61,7.83,7.13,10.94,6.96,1.15,2.63,8.03,12.84,10.7,10.46,6.07,11.72,2.109999999999999,1.48,3.1500000000000004,5.3999999999999995,-3.83,4.8100000000000005,-0.7799999999999994,-2.140000000000001,-0.7000000000000002,-0.23999999999999844,3.81,-4.390000000000001,-3.979999999999999,5.65
47,Glėbas,7.2,6.8,8.85,10.08,10.82,7.95,9.38,5.27,4.16,3.14,3.4,4.66,4.65,4.25,2.72,5.95,-0.4000000000000003,-1.02,2.05,0.2599999999999998,1.2300000000000004,1.2600000000000002,0.7400000000000002,-0.00999999999999978,-2.87,-0.4000000000000003,1.4300000000000006,-1.5299999999999998,-4.110000000000001,3.23
49,Ilgai,6.31,9.21,9.38,7.38,7.29,6.26,8.18,8.23,3.87,0.63,2.38,2.67,4.5,4.53,2.26,2.28,2.9000000000000012,-3.24,0.16999999999999993,1.75,-2.000000000000001,0.29000000000000004,-0.08999999999999986,1.83,-1.0300000000000002,0.03000000000000025,1.92,-2.2700000000000005,0.05000000000000071,0.02000000000000001
52,Ilgis (Varėna),7.02,9.32,10.93,8.87,8.46,7.85,14.11,8.98,5.65,3.26,6.36,7.22,7.66,8.07,2.03,6.29,2.3000000000000007,-2.390000000000001,1.6099999999999994,3.1000000000000005,-2.0600000000000005,0.8599999999999994,-0.4099999999999984,0.4400000000000004,-0.6100000000000012,0.41000000000000014,6.26,-6.040000000000001,-5.129999999999999,4.26
53,Indrajai,1.13,2.84,4.83,1.71,2.64,1.33,2.4,2.68,1.39,4.98,5.9,9.3,8.15,9.81,7.55,9.07,1.71,3.5900000000000007,1.99,0.92,-3.12,3.4000000000000004,0.9300000000000002,-1.1500000000000004,-1.31,1.66,1.0699999999999998,-2.2600000000000007,0.28000000000000025,1.5200000000000005
55,Juodieji Lakajai,2.66,4.73,5.54,4.02,3.09,2.49,5.81,2.87,2.05,2.24,3.04,2.97,5.72,4.45,1.81,3.35,2.0700000000000003,0.1900000000000004,0.8099999999999996,0.7999999999999998,-1.5200000000000005,-0.06999999999999984,-0.9299999999999996,2.7499999999999996,-0.5999999999999996,-1.2699999999999996,3.3199999999999994,-2.64,-2.9399999999999995,1.54
57,Kalviai,4.95,7.17,9.73,5.98,4.44,6.71,11,5,6.14,2.66,2.97,6.07,7.11,4.61,1.58,6.3,2.22,-3.4799999999999995,2.5600000000000005,0.31000000000000005,-3.75,3.1,-1.54,1.04,2.2699999999999996,-2.5,4.29,-3.03,-6,4.72
60,Kertuojai,1.5,2.58,4.1,2.48,2,1.57,2.93,1.67,1.5,1.82,5.19,5.53,6.7,6.21,4.68,6.03,1.08,0.32000000000000006,1.5199999999999996,3.37,-1.6199999999999997,0.33999999999999986,-0.48,1.17,-0.42999999999999994,-0.4900000000000002,1.36,-1.5300000000000002,-1.2600000000000002,1.3500000000000003
61,Kretuonas,4.21,5,7.9,4.94,5.22,4.1,8.79,4.36,2.48,5.28,8.32,9.85,10.75,10.44,5.74,10.14,0.79,2.8000000000000003,2.9000000000000004,3.04,-2.96,1.5299999999999994,0.27999999999999936,0.9000000000000004,-1.12,-0.3100000000000005,4.6899999999999995,-4.699999999999999,-4.429999999999999,4.4
65,Lavysas,1.15,1.98,2.23,2.86,5.15,2.12,3.05,1.66,1.42,0.28,0.83,2.86,2.4,1.17,0.53,1.51,0.8300000000000001,-1.14,0.25,0.5499999999999999,0.6299999999999999,2.03,2.2900000000000005,-0.46,-3.03,-1.23,0.9299999999999996,-0.6399999999999999,-1.39,0.98
67,Ligajai,3.59,7.66,9.45,5.92,4.66,4.24,7.88,6.86,2.24,1.43,3.56,5.88,7.66,7.11,3.13,5.61,4.07,-0.8100000000000003,1.7899999999999991,2.13,-3.5299999999999994,2.32,-1.2599999999999998,1.7800000000000002,-0.41999999999999993,-0.5499999999999998,3.64,-3.98,-1.0199999999999996,2.4800000000000004
69,Luokesai,3.3,5.81,5.11,3.91,2.79,2.4,5.29,4.93,0.92,0.08,1.42,1.53,3.59,2.03,0.4,0.63,2.51,-0.8400000000000001,-0.6999999999999993,1.34,-1.2000000000000002,0.1100000000000001,-1.12,2.0599999999999996,-0.3900000000000001,-1.56,2.89,-1.63,-0.3600000000000003,0.23
70,Lūšiai,2.64,4.29,5.86,3.38,3.62,3.23,5.32,4.52,1.17,2.75,4.67,5.82,6.37,6.06,4.05,6.17,1.65,1.58,1.5700000000000005,1.92,-2.4800000000000004,1.1500000000000004,0.2400000000000002,0.5499999999999998,-0.3900000000000001,-0.3100000000000005,2.0900000000000003,-2.01,-0.8000000000000007,2.12
71,Makys,3.26,6.79,7.65,4.91,4.33,4.07,6.65,8.06,4.66,1.49,5.43,5.9,7.95,7.05,4.62,3.2,3.53,-3.17,0.8600000000000003,3.939999999999999,-2.74,0.47000000000000064,-0.5800000000000001,2.05,-0.2599999999999998,-0.9000000000000004,2.58,-2.4299999999999997,1.41,-1.42
72,Malkėstas,3.87,7.01,7.37,4.75,4.76,5.05,13.18,7.59,4.47,3.29,6.36,8.66,9.89,6.87,1.22,6.38,3.1399999999999997,-1.1799999999999995,0.3600000000000003,3.0700000000000003,-2.62,2.3,0.00999999999999978,1.2300000000000004,0.29000000000000004,-3.0200000000000005,8.129999999999999,-5.65,-5.59,5.16
73,Margis,2.61,5.8,6.61,3.8,3.03,2.79,7.61,3.96,3.41,1.09,2.75,3.74,5.76,5.5,1.08,2.95,3.19,-2.3200000000000003,0.8100000000000005,1.66,-2.8100000000000005,0.9900000000000002,-0.77,2.0199999999999996,-0.23999999999999977,-0.2599999999999998,4.82,-4.42,-3.65,1.87
75,Monis,7.55,8.71,9.76,8.33,9.59,9.01,14.08,9.65,2.79,1.16,3.11,5.3,5.11,4.85,0.83,3.92,1.160000000000001,-1.63,1.049999999999999,1.95,-1.4299999999999995,2.19,1.2599999999999998,-0.1899999999999995,-0.5800000000000001,-0.2600000000000007,5.07,-4.02,-4.43,3.09
77,Nevėža,2.75,5.47,9.7,4.83,4.36,4.47,6.94,8.17,7.39,4,5.02,8.84,8.3,9.72,5.9,6.21,2.72,-3.3899999999999997,4.2299999999999995,1.0199999999999996,-4.869999999999999,3.82,-0.46999999999999975,-0.5399999999999991,0.10999999999999945,1.42,2.4700000000000006,-3.82,1.2299999999999995,0.3099999999999996
81,Pakasas,2.07,4.75,7.13,3.74,4.51,3.73,5.63,2.96,2.6,2.48,4.04,6.94,5.45,6.7,3.86,6.49,2.68,-0.1200000000000001,2.38,1.56,-3.3899999999999997,2.9000000000000004,0.7699999999999996,-1.4900000000000002,-0.7799999999999998,1.25,1.9,-2.8400000000000003,-2.67,2.6300000000000003
83,Peršokšnai,3.37,5.29,5.93,4.34,2.68,2.18,4.86,3.52,0.74,1.38,3.16,3.6,6.72,9.64,4.01,5.39,1.92,0.6399999999999999,0.6399999999999997,1.7800000000000002,-1.59,0.43999999999999995,-1.6599999999999997,3.1199999999999997,-0.5,2.920000000000001,2.68,-5.630000000000001,-1.3400000000000003,1.38
88,Rašia,3.35,5.2,5.34,4.25,3.12,2.89,4.86,3.55,0.46,0.98,2.4,2.64,5.12,3.21,1.38,3.15,1.85,0.52,0.13999999999999968,1.42,-1.09,0.2400000000000002,-1.13,2.48,-0.23,-1.91,1.97,-1.83,-1.3100000000000005,1.77
90,Rubikiai,1.38,2.6,5.58,1.99,2.02,2.13,5.16,4.77,7.17,5.34,4.94,8.33,8.24,8.72,4.95,5.67,1.2200000000000002,-1.83,2.98,-0.39999999999999947,-3.59,3.3899999999999997,0.03000000000000002,-0.08999999999999986,0.10999999999999988,0.4800000000000004,3.03,-3.770000000000001,-0.39000000000000057,0.7199999999999998
91,Samavas,1.93,2.97,3.94,1.99,1.52,1.32,4.05,1.57,0.66,2.58,6.88,7.39,8.15,9.28,5.11,8.82,1.0400000000000005,1.92,0.9699999999999998,4.3,-1.95,0.5099999999999998,-0.47,0.7600000000000007,-0.19999999999999996,1.129999999999999,2.7299999999999995,-4.169999999999999,-2.4799999999999995,3.71
94,Siesartis,2.41,4.95,4.83,3.35,2.44,2.3,11.15,4.42,1.08,1.3,4.35,4.53,7.72,5.26,0.79,4.28,2.54,0.21999999999999997,-0.1200000000000001,3.05,-1.48,0.1800000000000006,-0.91,3.1899999999999995,-0.14000000000000012,-2.46,8.850000000000001,-4.47,-6.73,3.49
101,Stirniai,3.87,6.07,7.14,5.34,4.93,4.75,8.16,5.7,1.52,3.27,5.58,5.92,10.08,6.37,3.25,5.26,2.2,1.75,1.0699999999999994,2.31,-1.7999999999999998,0.33999999999999986,-0.41000000000000014,4.16,-0.17999999999999972,-3.71,3.41,-3.12,-2.46,2.01
104,Tauragnas,2.23,3.6,4.31,2.6,1.98,1.69,3.52,3.27,1.03,2.93,3.56,4.59,6.78,5.32,3.21,5.19,1.37,1.9,0.7099999999999995,0.6299999999999999,-1.7099999999999995,1.0299999999999998,-0.6200000000000001,2.1900000000000004,-0.29000000000000004,-1.46,1.83,-2.1100000000000003,-0.25,1.9800000000000004
105,Ūkojas,2.23,4.51,5.86,3.38,3.11,2.59,5.05,4.16,1.82,1.62,3.78,6.14,5.82,6.86,3.66,4.63,2.28,-0.19999999999999996,1.3500000000000003,2.1599999999999997,-2.4800000000000004,2.36,-0.27,-0.3199999999999994,-0.52,1.04,2.46,-3.2,-0.8899999999999997,0.9699999999999998
106,Ūsiai,1.88,3.44,3.98,2.37,1.48,1.42,3.91,2.96,0.54,1.29,2.74,3.28,5.44,4,1.87,3.07,1.56,0.75,0.54,1.4500000000000002,-1.61,0.5399999999999996,-0.8900000000000001,2.1600000000000006,-0.06000000000000005,-1.4400000000000004,2.49,-2.13,-0.9500000000000002,1.1999999999999995
107,Utenas,2.28,3.69,4.25,3.19,2.21,1.84,3.98,5.46,0.66,1.46,4.35,5.28,4.58,6.66,2.91,5.35,1.41,0.7999999999999999,0.56,2.8899999999999997,-1.06,0.9300000000000006,-0.98,-0.7000000000000002,-0.3699999999999999,2.08,2.1399999999999997,-3.75,1.48,2.4399999999999995
109,Vajuonis,2.28,3.88,4.68,3.49,3.73,2.71,7.69,3.46,1.36,2.85,6.7,6.84,6.15,7.79,4.25,7.09,1.6,1.49,0.7999999999999998,3.85,-1.1899999999999995,0.13999999999999968,0.23999999999999977,-0.6899999999999995,-1.02,1.6399999999999997,4.98,-3.54,-4.23,2.84
111,Vencavas,1.61,2.77,3.11,2.05,1.79,1.66,3.11,3.08,0.39,0.2,0.53,1.04,1.99,1.26,0.31,0.42,1.16,-0.19,0.33999999999999986,0.33,-1.06,0.51,-0.2599999999999998,0.95,-0.13000000000000012,-0.73,1.45,-0.95,-0.0299999999999998,0.11
114,Vidinkstas,2.32,4.53,6.18,2.63,1.94,1.97,4.65,4.46,4.41,2.99,4.89,8.46,8.32,8.46,5.49,7.21,2.2100000000000004,-1.42,1.6499999999999997,1.8999999999999997,-3.55,3.570000000000001,-0.69,-0.14000000000000057,0.03000000000000002,0.14000000000000057,2.6800000000000006,-2.9700000000000006,-0.1900000000000004,1.7199999999999998
115,Vievis,1.57,3.1,2.91,2.61,2.15,2.89,1.86,2.08,1.01,0.19,1.15,1.02,1.96,0.55,1.38,0.88,1.53,-0.8200000000000001,-0.18999999999999995,0.96,-0.30000000000000027,-0.1299999999999999,-0.46,0.94,0.7400000000000002,-1.41,-1.03,0.8299999999999998,0.21999999999999997,-0.4999999999999999
117,Vilkokšnis,4.97,7.48,7.05,6.22,6,5.95,6.61,6.55,6.11,1.97,6.51,6.66,7.77,7.46,6.16,6.21,2.5100000000000007,-4.140000000000001,-0.4300000000000006,4.54,-0.8300000000000001,0.15000000000000036,-0.21999999999999975,1.1099999999999994,-0.04999999999999982,-0.3099999999999996,0.6600000000000001,-1.2999999999999998,-0.0600000000000005,0.04999999999999982
118,Virintai,3.1,5.7,5.43,3.83,3.42,3.3,7.24,4.36,4.18,1.72,6.44,8.1,7.25,8.96,3.92,6.2,2.6,-2.46,-0.27000000000000046,4.720000000000001,-1.5999999999999996,1.6599999999999993,-0.41000000000000014,-0.8499999999999996,-0.1200000000000001,1.7100000000000009,3.94,-5.040000000000001,-2.88,2.28
123,Žeimenys,5.58,7.5,10.57,6.4,6.32,5.65,13.08,6.39,1.64,2.78,4.96,7.18,7.49,8.82,2.78,7.4,1.92,1.14,3.0700000000000003,2.18,-4.17,2.22,-0.08000000000000007,0.3100000000000005,-0.6699999999999999,1.33,7.43,-6.040000000000001,-6.69,4.620000000000001
124,Želvos,5.81,8.22,9.63,5.78,4.81,4.74,9.97,7.29,3.18,0.89,7.09,10.18,8.51,10.81,5.16,7.15,2.410000000000001,-2.29,1.41,6.2,-3.850000000000001,3.09,-0.9700000000000006,-1.67,-0.0699999999999994,2.3000000000000007,5.23,-5.65,-2.6800000000000006,1.99
127,Žvernas,3.98,5.86,7.33,4.17,3.72,3.71,4.95,4.42,3.52,2.48,6.71,8.88,8.86,10.44,8.21,9.8,1.8800000000000003,-1.04,1.4699999999999998,4.23,-3.16,2.170000000000001,-0.44999999999999973,-0.02000000000000135,-0.01000000000000023,1.58,1.2400000000000002,-2.229999999999998,-0.5300000000000002,1.59
