fid_1,Lake,Type,Sq,EM_pct_17,SFM_pct_17,OW_pct_17,EM_pct_18,SFM_pct_18,OW_pct_18,EM_pct_19,SFM_pct_19,OW_pct_19,EM_pct_20,SFM_pct_20,OW_pct_20,EM_pct_21,SFM_pct_21,OW_pct_21,EM_pct_22,SFM_pct_22,OW_pct_22,EM_pct_23,SFM_pct_23,OW_pct_23,EM_pct_24,SFM_pct_24,OW_pct_24,mac17,mac18,mac19,mac20,mac21,mac22,mac23,mac24,morf_group
1,Aisetas,1,5.5,6.728710907578535,0.9381891241101228,92.33309996831134,8.909051145216939,1.665918679589384,89.42503017519368,10.878643701243556,4.006802534909286,85.11455376384717,7.446669252622673,6.250756759124202,86.30257398825314,6.220162750636212,8.054511582401242,85.72532566696255,5.465282618072109,7.200527652677105,87.3341897292508,9.670681306011996,2.746390759404549,87.58292793458345,6.584237787463048,7.140614770655334,86.27514744188161,7.666900031688657,10.574969824806322,14.88544623615284,13.697426011746874,14.274674333037453,12.665810270749216,12.417072065416544,13.724852558118382,1
2,Akmena,1,2.7,2.268905178682179,4.88035747353366,92.85073734778416,NA,NA,NA,4.599536035307316,3.212201157716516,92.18826280697616,NA,NA,NA,NA,NA,NA,2.6459416295597564,4.715188389349863,92.63886998109038,7.084550399148213,1.2204214429990543,91.69502815785272,3.4108002043869643,3.256610969648393,93.33258882596463,7.149262652215839,NA,7.811737193023831,NA,NA,7.36113001890962,8.304971842147268,6.667411174035357,2
3,Alaušai,1,2.6,1.927999705358708,7.829950885366714,90.2420494092746,NA,NA,NA,7.194527168787851,5.104594412284334,87.70087841892781,3.5632742276473133,8.277966701503246,88.15875907084944,NA,NA,NA,2.777654332334736,10.36769144602455,86.85465422164071,4.780573740879428,6.701305459330345,88.51812079979022,5.371118767175365,6.468206522623383,88.16067471020123,9.757950590725422,NA,12.299121581072184,11.841240929150558,NA,13.145345778359284,11.481879200209772,11.839325289798747,1
4,Alaušas,1,10.6,2.0899000350025414,1.6828383178609283,96.22726164713654,3.0913188417345543,3.8131104136130327,93.0955707446524,3.757412520053669,5.231523092604054,91.01106438734227,2.565434021008027,5.530352612842667,91.9042133661493,2.385130022643514,8.56048088259667,89.05438909475983,2.9679432664909173,5.591932314858498,91.4401244186506,3.182256509295324,4.95210315232437,91.8656403383803,3.3991072654127485,5.138068938603199,91.46282379598404,3.77273835286347,6.904429255347587,8.988935612657723,8.095786633850693,10.945610905240184,8.559875581349417,8.134359661619694,8.537176204015948,1
5,Almajas,1,1.1,4.123137129113765,1.4246779941459295,94.4521848767403,5.767008427575748,2.3254886573615026,91.90750291506276,6.902603521469199,5.109628081619665,87.98776839691114,4.833547940631333,6.911364648594772,88.2550874107739,NA,NA,NA,4.7560652253098405,7.10300181442226,88.1409329602679,7.141095149082173,4.16201016646766,88.69689468445017,6.880562864831454,6.779007230500713,86.34042990466784,5.547815123259694,8.09249708493725,12.012231603088864,11.744912589226104,NA,11.8590670397321,11.303105315549832,13.659570095332167,1
6,Alnis,1,1,4.8387198344968425,0.10295919027153708,95.05832097523162,7.938302002055033,0.35916316716182606,91.70253483078316,7.439306510306909,1.35385846166042,91.20683502803266,6.43594245843771,1.909992090006956,91.65406545155534,4.234055739655485,4.42984451760766,91.33609974273683,NA,NA,NA,7.11384163203496,0.25656161600418187,92.62959675196085,6.505101853424931,0.9964476365688338,92.49845051000624,4.94167902476838,8.297465169216858,8.793164971967329,8.345934548444665,8.663900257263144,NA,7.370403248039142,7.501549489993765,2
7,Alsakys,1,1.3,3.5525550850916376,8.12324358344162,88.32420133146674,9.040598867938922,2.5671245388918527,88.39227659316923,12.39297273009706,6.295766263318099,81.31126100658483,7.794820104276528,9.556787236719726,82.64839265900376,7.357452182023525,11.853002733331016,80.78954508464545,6.1931059853674375,11.2800963389486,82.52679767568397,15.124450710463076,3.08518522538816,81.79036406414878,8.115167133510544,9.228134389345282,82.65669847714418,11.675798668533258,11.607723406830775,18.68873899341516,17.351607340996253,19.21045491535454,17.473202324316038,18.209635935851235,17.343301522855825,3
8,Alys,1,1.4,1.2696215742737218,0.8209015886775808,97.9094768370487,2.3217140116587527,0.0784592387770548,97.5998267495642,2.452601932079789,0.7405554517944221,96.8068426161258,NA,NA,NA,1.578004529362277,1.3096035160873736,97.11239195455036,1.499830607310995,0.6820067746154805,97.81816261807352,1.9435174390901135,0.14172057457208614,97.9147619863378,2.37068938331416,0.5035641599117341,97.12574645677412,2.0905231629513024,2.400173250435808,3.193157383874211,NA,2.8876080454496504,2.181837381926476,2.0852380136622,2.874253543225893,3
9,Amalvas,1,1.9,8.015877415906806,4.082946136542247,87.90117644755094,7.356743809077725,3.762999342480284,88.88025684844199,NA,NA,NA,NA,NA,NA,4.889735621438322,9.515193070929348,85.59507130763232,7.1985843760117,7.80082225391501,85.00059337007329,6.195930371099887,8.81202587957241,84.9920437493277,5.637041587444169,11.079017271664068,83.28394114089176,12.098823552449051,11.119743151558009,NA,NA,14.404928692367667,14.99940662992671,15.007956250672295,16.716058859108237,3
10,Ančia,1,4.8,5.362940660663242,4.178898331236916,90.45816100809984,6.282666375764593,1.743513351719882,91.97382027251552,NA,NA,NA,NA,NA,NA,4.764464101822971,6.230020371596535,89.0055155265805,4.688612215261037,5.923588384648304,89.38779940009066,9.843880694213263,1.6725604205573648,88.48355888522936,4.975603366280753,5.5363799322526726,89.48801670146658,9.54183899190016,8.026179727484475,NA,NA,10.994484473419504,10.61220059990934,11.516441114770627,10.511983298533426,1
11,Angiriai Reservoir,2,2.7,9.567022526291646,3.058437580897034,87.37453989281131,15.260809293863389,6.286092685370202,78.4530980207664,NA,NA,NA,NA,NA,NA,NA,NA,NA,13.986139077999956,4.179719459146219,81.83414146285384,11.418945157434427,5.113907788359276,83.4671470542063,11.529721819407522,9.20431983491752,79.26595834567496,12.62546010718868,21.54690197923359,NA,NA,NA,18.16585853714617,16.532852945793707,20.73404165432504,4
12,Antalieptė Reservoir,2,13.8,3.196572276664263,1.1928840925702364,95.6105436307655,5.457025913703137,2.353294967685568,92.1896791186113,7.194432326876924,6.7964563551899335,86.00911131793313,4.288343048789214,9.431771889822231,86.27988506138855,NA,NA,NA,2.7845863853496424,11.998850424865251,85.2165631897851,6.521974374358015,6.158877529145467,87.31914809649652,5.913739151792606,9.69470527261691,84.39155557559049,4.389456369234499,7.810320881388705,13.990888682066856,13.720114938611449,NA,14.783436810214896,12.680851903503482,15.608444424409516,5
13,Antanavo Reservoir (Gavaltuvos),2,1,NA,NA,NA,42.13758830355063,12.015703863265664,45.84670783318371,NA,NA,NA,NA,NA,NA,NA,NA,NA,16.052455471764983,29.20489658394289,54.74264794429213,16.887971934873068,41.483494993191535,41.6285330719354,NA,NA,NA,NA,54.15329216681629,NA,NA,NA,45.25735205570787,58.371466928064606,NA,4
14,Arinas,1,4.3,NA,NA,NA,5.766462140187605,2.456616833438149,91.77692102637424,6.165779234871457,9.237885419093676,84.59633534603488,4.182105647866999,10.312802962143298,85.5050913899897,NA,NA,NA,3.887702202680352,10.773560530114407,85.33873726720525,6.6868393522922425,7.391216955868039,85.92194369183972,5.689777754412339,8.90837800163119,85.40184424395646,NA,8.223078973625755,15.403664653965134,14.494908610010295,NA,14.66126273279476,14.07805630816028,14.598155756043528,1
15,Asalnai,1,2.5,2.548482480405541,1.372698791172586,96.07881872842188,4.924856159060676,3.411565519776393,91.66357832116292,6.943094154720408,5.456723284808039,87.60018256047155,4.143963124321881,7.001429269188588,88.85460760648954,NA,NA,NA,3.213635039322804,7.556417832549064,89.22994712812813,6.655716713568953,3.868003863487667,89.47627942294338,4.858287944146741,6.690325835160917,88.45138622069234,3.921181271578127,8.33642167883707,12.399817439528448,11.14539239351047,NA,10.770052871871869,10.52372057705662,11.548613779307658,2
16,Asavas,1,1.8,2.026611400838722,1.573680783929991,96.39970781523128,3.506799620360145,4.550442843785607,91.94275753585424,5.509775223039597,8.960103973350833,85.53012080360956,2.793316196040778,11.177172979427482,86.02951082453173,NA,NA,NA,2.6544164386675333,11.858690707451547,85.48689285388092,4.933394288796122,8.190750169622158,86.87585554158171,4.565317822871886,9.855809782774465,85.57887239435364,3.600292184768713,8.057242464145752,14.46987919639043,13.97048917546826,NA,14.513107146119085,13.12414445841828,14.421127605646353,3
17,Asveja (Dubingiai Lake),1,6.1,2.931527476907116,2.651096160905903,94.41737636218696,6.64825703385478,0.7579136350266067,92.5938293311186,6.182971733357249,3.2264205421739653,90.59060772446878,4.140809314711717,4.1409945649251485,91.71819612036312,2.867656690398868,4.99855027245969,92.13379303714144,2.2567426334827223,5.141511432609088,92.6017459339082,5.496633110968257,2.5234638537969434,91.9799030352348,5.806492380270796,2.4977163717842763,91.69579124794494,5.582623637813018,7.406170668881387,9.409392275531214,8.281803879636865,7.866206962858558,7.39825406609181,8.0200969647652,8.304208752055072,2
18,Atesys,1,1.1,4.374333301688352,7.697107915395936,87.9285587829157,NA,NA,NA,NA,NA,NA,5.846741278087306,6.4878034282684975,87.6654552936442,5.203867451521155,9.477670377359924,85.31846217111891,5.169466969579727,8.175815729118018,86.65471730130226,6.158685102264353,7.187349161455571,86.65396573628007,3.7337926502594474,9.72350921821811,86.54269813152244,12.071441217084288,NA,NA,12.334544706355803,14.68153782888108,13.345282698697744,13.346034263719924,13.457301868477558,1
19,Aukštadvaris Reservoir (Baluosis and Sienis Lakes),2,2.7,9.26661414946277,8.34422197605924,82.38916387447799,NA,NA,NA,15.070198907790534,9.068927337648322,75.86087375456115,NA,NA,NA,9.798969196139543,12.188657893529578,78.01237291033088,9.500364357626305,12.36854042132476,78.13109522104892,22.909774472119608,1.3875772321399724,75.70264829574043,10.875845137779365,10.051098436984654,79.07305642523598,17.61083612552201,NA,24.139126245438856,NA,21.98762708966912,21.868904778951062,24.29735170425958,20.926943574764017,5
20,Aviris,1,1.4,3.20592766183809,3.2385644166914056,93.55550792147052,6.032366843043605,1.1780477286743645,92.78958542828202,6.383498189687053,3.041426403431517,90.57507540688144,NA,NA,NA,3.2998024421611234,6.088493900238136,90.61170365760074,2.682242552116142,5.077653878660735,92.24010356922312,10.302819694377224,0.4096108549430325,89.28756945067974,4.5051389138496125,3.810143308388316,91.68471777776207,6.444492078529496,7.21041457171797,9.42492459311857,NA,9.38829634239926,7.759896430776877,10.712430549320256,8.31528222223793,2
21,Balskai Reservoir,2,2.8,11.659076246162002,1.7196112910167574,86.62131246282124,NA,NA,NA,NA,NA,NA,7.287947570190352,12.534644036647409,80.17740839316225,NA,NA,NA,9.66201244976999,8.175282316134854,82.16270523409516,11.633475516062113,6.491202949541335,81.87532153439655,18.81933056770141,3.1759996666679267,78.00466976563068,13.37868753717876,NA,NA,19.82259160683776,NA,17.837294765904844,18.12467846560345,21.995330234369337,4
22,Baltieji Lakajai,1,7,1.7835370625388838,0.7646337118050651,97.45182922565606,3.228987831339171,2.2457638082116733,94.52524836044915,4.277776837998231,3.51494934515625,92.20727381684551,2.891382403534438,2.7883909249069387,94.3202266715586,2.1705641845482533,6.1623211844616685,91.66711463099008,1.4674943478698113,3.6281918226650953,94.90431382946512,3.260476157249946,2.1133380787251665,94.62618576402488,2.993102619922876,2.761686136780208,94.24521124329692,2.548170774343949,5.474751639550844,7.792726183154481,5.679773328441376,8.332885369009922,5.095686170534907,5.373814235975113,5.754788756703084,1
23,Baltoji Ančia Reservoir,2,2.3,12.650998485460432,3.8851631537105975,83.46383836082897,15.001706654870247,1.6700507775070994,83.32824256762265,17.57755763931865,4.862635677783382,77.55980668289796,NA,NA,NA,NA,NA,NA,10.203917689946024,9.614650429660786,80.18143188039318,16.486050648104488,2.7488562454178096,80.76509310647772,12.18308670428336,7.546903113138869,80.27001018257778,16.53616163917103,16.671757432377348,22.44019331710203,NA,NA,19.81856811960681,19.234906893522297,19.72998981742223,4
24,Baluošai,1,2.4,3.511131959786996,2.2483846909905307,94.24048334922249,6.066510948953514,0.8797978770180639,93.05369117402844,6.031342763515814,4.953260257185139,89.01539697929904,4.405033537255915,4.914805398855569,90.6801610638885,3.58741634302807,6.44252502584006,89.97005863113186,3.104314734126133,6.215357201238555,90.6803280646353,6.023660136734322,2.840334876751657,91.13600498651402,4.901956441568761,4.860675672999556,90.23736788543168,5.759516650777527,6.9463088259715775,10.984603020700952,9.319838936111484,10.02994136886813,9.319671935364688,8.86399501348598,9.762632114568316,2
25,Baluošas,1,4.2,2.330867258521408,1.1507347760363529,96.51839796544223,3.956543550416879,2.743433968502372,93.30002248108076,4.999899177147099,5.019868376531991,89.98023244632091,NA,NA,NA,NA,NA,NA,2.55675085712076,7.289126978125522,90.15412216475372,5.19437273252849,3.887813765673633,90.91781350179788,4.531936543188142,5.312924939862555,90.15513851694932,3.4816020345577607,6.699977518919251,10.01976755367909,NA,NA,9.845877835246284,9.082186498202123,9.844861483050696,1
26,Bebrusai,1,3.7,2.420785965019018,4.196730176803376,93.3824838581776,4.359586413866568,3.3250313833441494,92.31538220278928,6.433554758496764,5.585222705042542,87.9812225364607,3.0690106406773823,7.501837751288864,89.42915160803375,2.41785009703015,8.553610301136985,89.02853960183286,2.361625545978145,8.447316673178747,89.19105778084311,15.058287624686862,1.9381832102890169,83.00352916502412,4.643556958920419,6.025247099491208,89.33119594158838,6.617516141822394,7.684617797210717,12.018777463539305,10.570848391966246,10.971460398167135,10.808942219156894,16.996470834975877,10.668804058411627,1
28,Bubliai Reservoir,2,1.6,12.13444885269356,7.187318596021465,80.67823255128498,22.871114799306778,4.183866988803653,72.94501821188958,22.26414754026783,5.830340850915406,71.90551160881677,NA,NA,NA,16.6519256400105,9.17899919777825,74.16907516221126,NA,NA,NA,23.02304362129299,6.561157382288958,70.41579899641806,21.36149008358344,4.740828510849409,73.89768140556716,19.321767448715025,27.05498178811043,28.09448839118324,NA,25.83092483778875,NA,29.58420100358195,26.102318594432845,4
29,Didžiulis (Alytus),1,8.9,6.22555838698268,4.508691705878654,89.26574990713867,NA,NA,NA,7.661318374681321,5.40501650147173,86.93366512384694,6.558982971362097,5.634112831820457,87.80690419681744,6.668994493144652,6.703280595938358,86.627724910917,5.774542277705876,6.72949955014931,87.49595817214482,10.65331610062698,2.2936815884107307,87.05300231096228,6.295505426273369,6.187117115647406,87.51737745807921,10.734250092861334,NA,13.06633487615305,12.193095803182556,13.37227508908301,12.504041827855186,12.946997689037712,12.482622541920776,1
30,Didžiulis (Dusmena),1,1.8,1.0551709196435726,5.119890381135422,93.824938699221,4.068518843244878,4.098405975504785,91.83307518125036,11.963138952219284,4.56232967412218,83.47453137365854,3.809211513576729,12.448297271005362,83.74249121541791,3.741563901571448,7.405198589890547,88.853237508538,1.5483162241512944,11.647697313085436,86.80398646276328,1.6396268249719723,11.319282786345218,87.0410903886828,2.38445924597978,10.618345416527546,86.99719533749267,6.175061300778994,8.166924818749663,16.525468626341464,16.257508784582093,11.146762491461995,13.19601353723673,12.958909611317187,13.002804662507328,3
31,Draudeniai,1,1,13.414753045778152,2.1935014045955734,84.39174554962628,NA,NA,NA,NA,NA,NA,1.972373403200179,17.11661667182639,80.91100992497344,NA,NA,NA,8.627221127251591,11.79593315760722,79.5768457151412,9.561373865043471,10.573170653198105,79.86545548175843,20.29155196266069,0.7968916895741059,78.9115563477652,15.608254450373725,NA,NA,19.08899007502657,NA,20.42315428485881,20.134544518241576,21.0884436522348,3
32,Dringis,1,7,4.36835203408964,1.3663900650296652,94.2652579008807,5.981108297968377,3.722786910347489,90.29610479168412,7.268990304423658,5.969075803575159,86.76193389200118,NA,NA,NA,NA,NA,NA,4.576231474970009,8.187606160084977,87.23616236494502,7.613001914714331,4.381325244477883,88.00567284080778,6.578024290215375,6.152678824286237,87.26929688549838,5.734742099119305,9.703895208315869,13.238066107998815,NA,NA,12.763837635054989,11.994327159192212,12.730703114501612,1
33,Dūkštas,1,5,3.3744174334625128,0.647236669475962,95.97834589706152,4.190289787203905,1.524311280098906,94.28539893269718,5.00052584660595,3.259280338967644,91.7401938144264,4.971045302966813,3.197557680803415,91.83139701622976,NA,NA,NA,3.718697773123544,3.810830223151073,92.47047200372538,4.868961141212986,2.61395978358661,92.5170790752004,4.537253692394401,2.885698603759235,92.57704770384636,4.0216541029384745,5.7146010673028105,8.259806185573595,8.168602983770228,NA,7.529527996274617,7.482920924799596,7.422952296153636,3
34,Dūriai,1,2.8,7.154933103375696,8.115780287603393,84.7292866090209,NA,NA,NA,13.598789603953708,5.464700372071952,80.93651002397434,7.241258345290487,10.599302669583896,82.15943898512562,NA,NA,NA,7.123833900404042,10.900971924906184,81.97519417468978,9.187267174495847,8.300262086771339,82.51247073873283,9.853103863569682,8.061936632212106,82.08495950421822,15.27071339097909,NA,19.06348997602566,17.840561014874382,NA,18.024805825310224,17.487529261267184,17.91504049578179,1
35,Dusia,1,23.4,0.3910076768854164,1.4971516563975094,98.11184066671709,0.8961062683890235,1.137225715108228,97.96666801650277,NA,NA,NA,1.0280484335639135,1.1113252265049802,97.8606263399311,0.617694378229039,2.2769492321056344,97.10535638966532,0.4111178802539128,1.595926515494111,97.99295560425196,0.5662524989109533,1.5404519408763262,97.8932955602127,0.4969341153072521,1.482576078332524,98.02048980636022,1.8881593332829256,2.033331983497252,NA,2.1393736600688937,2.8946436103346733,2.007044395748024,2.10670443978728,1.979510193639776,3
36,Dviragis,1,3,NA,NA,NA,6.079088418086654,4.800237649123906,89.12067393278944,10.855534221163882,3.411640904370482,85.73282487446563,3.400751592932488,9.737147092310366,86.86210131475715,2.914334287160568,11.062012125194098,86.02365358764533,NA,NA,NA,15.240625893707142,7.0137410163360805,77.74563308995677,3.9460346010459153,9.494011466760565,86.55995393219351,NA,10.87932606721056,14.267175125534363,13.137898685242853,13.976346412354664,NA,22.254366910043224,13.44004606780648,3
37,Eišiškės Reservoir,2,1.4,16.867254571026603,11.193927954315752,71.93881747465764,22.227892272000656,2.479601952553127,75.29250577544622,24.927840674612405,11.27502946733129,63.7971298580563,NA,NA,NA,19.12268253967584,11.458813627418367,69.4185038329058,19.19111464211747,11.592767359082302,69.21611799880023,28.10364453070537,2.0064332639293534,69.88992220536528,21.44123040467955,8.348725218089006,70.21004437723144,28.061182525342357,24.707494224553784,36.20287014194369,NA,30.581496167094205,30.78388200119977,30.110077794634726,29.78995562276856,4
38,Elektrėnai Reservoir,2,12.9,3.758921026845261,7.160370446072465,89.08070852708228,5.718714866539994,4.33547252943466,89.94581260402535,7.568144515236417,6.520244533818596,85.91161095094499,5.403625137307251,8.797441281250354,85.7989335814424,5.151511569639785,9.056421563821525,85.79206686653869,6.434042781216942,7.158835337272078,86.40712188151099,5.270589704402525,7.920661935137743,86.80874836045973,5.255559633656109,8.128610190816257,86.61583017552763,10.919291472917726,10.054187395974656,14.088389049055014,14.201066418557604,14.207933133461308,13.592878118489018,13.191251639540267,13.384169824472366,5
39,Galadusys,1,6.2,4.922117698084849,4.213351327643903,90.86453097427125,NA,NA,NA,NA,NA,NA,NA,NA,NA,4.703164965348071,7.254608207824124,88.0422268268278,4.687003536581323,5.508928065616885,89.8040683978018,5.467523524631094,4.400389806829844,90.13208666853906,4.638295767312524,5.585317576926754,89.77638665576072,9.135469025728751,NA,NA,NA,11.957773173172196,10.195931602198208,9.867913331460937,10.22361334423928,2
40,Galstas,1,3.8,6.010748857345463,6.214395244742951,87.77485589791158,NA,NA,NA,NA,NA,NA,NA,NA,NA,6.90501055858739,7.624088090713004,85.4709013506996,6.853097607328245,5.838866875187221,87.30803551748454,8.04728474859756,4.774368523736046,87.1783467276664,7.156803474393274,5.723348198882383,87.11984832672435,12.225144102088414,NA,NA,NA,14.529098649300394,12.691964482515466,12.821653272333606,12.880151673275655,2
41,Galuonai,1,4.8,3.701290910268668,2.7756511954719816,93.52305789425934,4.782371345610865,6.82182523374984,88.39580342063928,7.745850481029231,9.66751750528812,82.58663201368265,4.508916601612277,10.934837215327104,84.55624618306064,5.203887058308714,10.81100189390423,83.98511104778706,3.486517015838761,11.56949982737318,84.94398315678805,5.489487713513974,8.33755920081126,86.17295308567476,9.302726339538626,9.138542947449098,81.55873071301228,6.476942105740649,11.604196579360703,17.413367986317354,15.44375381693938,16.014888952212942,15.05601684321194,13.827046914325232,18.44126928698773,3
42,Galuonis,1,2.3,7.180889851576986,1.146029509736892,91.67308063868612,9.29323949851262,2.6259363993459046,88.08082410214149,12.441227164609534,8.02555383173497,79.5332190036555,8.613941232798611,12.841668878539783,78.5443898886616,7.852417335783164,10.726177425868954,81.42140523834789,7.129032275906476,10.45670014404788,82.41426758004565,10.938267009978684,6.068857511772524,82.99287547824879,6.960677138029644,11.7160219546985,81.32330090727184,8.326919361313879,11.919175897858526,20.466780996344504,21.455610111338395,18.57859476165212,17.585732419954358,17.00712452175121,18.676699092728143,1
43,Galvė,1,3.6,2.042877884847656,4.633256136274148,93.3238659788782,4.19091191524101,2.016382676133901,93.79270540862508,4.482180273960059,4.320426728112545,91.1973929979274,2.865750069070124,5.451249547686911,91.68300038324296,NA,NA,NA,2.196739011966714,6.825997210598879,90.97726377743442,8.85296554560174,1.796611035083952,89.35042341931431,3.2818414235406346,4.452439936002936,92.26571864045644,6.676134021121804,6.207294591374911,8.802607002072603,8.316999616757034,NA,9.022736222565593,10.649576580685691,7.73428135954357,2
44,Gauštvinis,1,1.2,NA,NA,NA,18.657813453508822,4.21545691509144,77.12672963139975,NA,NA,NA,5.358708019634773,17.967812287317802,76.67347969304741,NA,NA,NA,8.09850880346162,12.654520273041548,79.24697092349685,7.94086374168867,14.688091642181694,77.37104461612962,12.354507793428407,11.552076127714066,76.09341607885753,NA,22.873270368600263,NA,23.32652030695257,NA,20.753029076503168,22.628955383870363,23.90658392114248,3
45,Gavys,1,1.2,NA,NA,NA,4.070051003933193,1.2573095851953349,94.67263941087148,4.900041722787575,1.5421607890319071,93.55779748818053,2.8672266032098657,2.585068901082493,94.54770449570763,NA,NA,NA,1.621847100583651,3.6977137863520535,94.6804391130643,4.040782933970546,2.248850170099198,93.71036689593024,4.096461454410862,1.951851860460712,93.95168668512842,NA,5.327360589128528,6.442202511819482,5.452295504292358,NA,5.3195608869357045,6.289633104069744,6.048313314871574,2
46,Giluitis,1,2.3,2.667318296920174,8.067806796376168,89.26487490670365,NA,NA,NA,NA,NA,NA,NA,NA,NA,3.774356321137321,7.891277506386637,88.33436617247604,2.4275921102608637,9.30776161185713,88.26464627788201,2.9958862951918537,8.438316210492502,88.56579749431563,2.788312699675042,8.072280093341664,89.1394072069833,10.73512509329634,NA,NA,NA,11.665633827523958,11.735353722117992,11.434202505684356,10.860592793016709,1
47,Glėbas,1,1.3,7.195354905517683,4.16072833159517,88.64391676288716,6.800967295434438,3.144407799122583,90.05462490544299,8.846538450345594,3.398799697282985,87.75466185237141,10.08131964310885,4.657739179614361,85.26094117727678,10.820721299496046,4.6538378576956445,84.52544084280832,7.947677700440714,4.245876959130899,87.80644534042837,9.37864831310432,2.7233352819308427,87.89801640496484,5.266722333521252,5.949869543547166,88.78340812293158,11.356083237112852,9.94537509455702,12.24533814762858,14.739058822723212,15.474559157191692,12.193554659571614,12.101983595035165,11.216591877068415,1
48,Gudeliai (Alytus),1,1.1,15.104009252205442,2.9093994178795417,81.98659132991502,13.35105769282118,4.453928973564349,82.19501333361447,NA,NA,NA,8.107971443873383,19.112645815842424,72.77938274028419,9.276840309546843,10.760323417779324,79.96283627267383,NA,NA,NA,13.834108729127156,9.135402666861,77.03048860401185,16.316513824613597,8.165800918849376,75.51768525653704,18.013408670084985,17.80498666638553,NA,27.22061725971581,20.037163727326167,NA,22.96951139598816,24.48231474346297,3
49,Ilgai,1,1.3,6.313409863005736,3.874975402993635,89.81161473400063,9.308992964096651,0.6343656729631907,90.05664136294016,9.382753642037422,2.384267472628117,88.23297888533446,7.384171881567952,2.667062648779672,89.94876546965239,7.298442560501658,4.50254607098187,88.19901136851647,6.259873957730977,4.525252788051748,89.21487325421728,8.181051307174377,2.258469963070322,89.5604787297553,8.228064143962273,2.275344960194857,89.49659089584287,10.188385265999372,9.94335863705984,11.76702111466554,10.051234530347624,11.800988631483529,10.785126745782724,10.4395212702447,10.50340910415713,2
50,Ilgės,1,1.5,4.34576732582572,21.733252413565957,73.92098026060832,NA,NA,NA,19.97185839943665,14.21541628625709,65.81272531430626,5.713847699245403,27.85829654733252,66.42785575342208,5.379733405929628,24.04303035996562,70.57723623410475,6.0682241486568245,27.57172022521989,66.36005562612328,4.911302509214412,29.66722918928475,65.42146830150084,6.257507436953443,24.562434387691567,69.180058175355,26.079019739391672,NA,34.18727468569374,33.57214424657792,29.422763765895247,33.63994437387672,34.57853169849916,30.81994182464501,3
51,Ilgis (Plungė),1,1.2,3.3204282160482204,3.1799941987172864,93.49957758523448,NA,NA,NA,4.613099808273212,7.519461585726098,87.86743860600069,1.5914081554385138,10.383412891515851,88.02517895304564,NA,NA,NA,3.91221147535321,8.270967052185865,87.81682147246092,3.1355331530464325,7.960201513956308,88.90426533299726,2.37227006479856,8.816309133954283,88.81142080124715,6.500422414765507,NA,12.13256139399931,11.974821046954364,NA,12.183178527539075,11.09573466700274,11.188579198752842,3
52,Ilgis (Varėna),1,3.2,7.02377935064114,5.651291947550409,87.32492870180845,9.328171548766257,3.2568091392857164,87.41501931194803,10.925916967926156,6.360355110252984,82.71372792182086,8.866821121780045,7.217233231914149,83.91594564630581,8.464426112722347,7.664631834152725,83.87094205312492,7.848321015417908,8.074950597925627,84.07672838665647,14.111737676661798,2.033503805320078,83.85475851801813,8.976751712090213,6.289105643574555,84.73414264433524,12.67507129819155,12.58498068805197,17.286272078179138,16.084054353694196,16.129057946875072,15.923271613343534,16.145241481981877,15.265857355664767,1
53,Indrajai,1,3,1.1323210832046269,1.3871630964505604,97.4805158203448,2.8416514935457644,4.977372622507336,92.1809758839469,4.827910217473214,5.900672025619025,89.27141775690777,1.7056766523661744,9.303279238316884,88.99104410931695,NA,NA,NA,1.3255284023417269,9.806377035970346,88.86809456168793,2.398931359811276,7.546225259148347,90.054843381040385,2.678512711875784,9.071708037250287,88.24977925087394,2.519484179655187,7.8190241160531,10.72858224309224,11.008955890683056,NA,11.131905438312073,9.945156618959622,11.750220749126072,1
54,Išnarai,1,3,NA,NA,NA,10.73394281838562,6.604974623359674,82.6610825582547,18.26296602154008,9.043746059200206,72.69328791925972,10.145921737648726,16.902819298970627,72.95125896338065,9.437395056600655,17.112330729729166,73.45027421367017,8.646219370005612,19.111221980982044,72.24255864901235,11.350351077689956,13.319496537633611,75.33015238467642,NA,NA,NA,NA,17.338917441745295,27.306712080740283,27.04874103661935,26.549725786329823,27.75744135098765,24.66984761532357,NA,3
55,Juodieji Lakajai,1,3.8,2.660743179539775,2.0539260643514545,95.28533075610878,4.729804135990733,2.240855408927189,93.02934045508208,5.538173211315734,3.0378642144626653,91.4239625742216,4.017578153538577,2.9731827969131617,93.00923904954828,3.114535207154435,5.754357484784904,91.13110730806066,2.486453063958528,4.454622935638648,93.05892400040284,5.814253094745253,1.8094696606855711,92.37627724456917,2.869219647365873,3.351880533693252,93.77889981894089,4.71466924389123,6.970659544917922,8.576037425778399,6.9907609504517385,8.868892691939338,6.941075999597176,7.623722755430824,6.221100181059125,1
56,Jurbarkai Reservoir,2,2.2,19.859433495813576,4.249140701946679,75.89142580223974,NA,NA,NA,NA,NA,NA,14.115302998150447,13.573303989616022,72.31139301223352,NA,NA,NA,19.28157307104193,8.828829487118837,71.88959744183924,19.92585469160084,5.536619135488688,74.53752617291046,22.23815556917138,9.562016705155791,68.19982772567285,24.10857419776025,NA,NA,27.68860698776647,NA,28.110402558160764,25.462473827089525,31.80017227432717,4
57,Kalviai,1,1.8,4.9453073360301465,6.135065969893705,88.91962669407614,7.231119498110503,2.678591747902205,90.0902887539873,9.730984441947546,2.974439840558141,87.29457571749431,5.980099548253049,6.071090211293981,87.94881024045297,4.439022035829048,7.112237303683436,88.44874066048752,6.711787807355182,4.609541126460191,88.67867106618463,11.004369096606323,1.5818428319970694,87.41378807139661,5.002890611932621,6.298816307420941,88.69829308064644,11.080373305923851,9.909711246012709,12.705424282505687,12.05118975954703,11.551259339512484,11.321328933815373,12.586211928603394,11.301706919353562,3
58,Kaunas Reservoir,2,46.8,NA,NA,NA,1.886921252374249,0.14861845081402267,97.96446029681172,NA,NA,NA,NA,NA,NA,1.3604605689691622,1.2204413152277394,97.4190981158031,1.4433819364541725,2.292126521504973,96.26449154204086,1.562326938628246,1.1754952867093482,97.2621777746624,1.825132091190224,1.8199264629916927,96.35494144581808,NA,2.035539703188272,NA,NA,2.580901884196902,3.7355084579591455,2.7378222253375943,3.645058554181917,5
59,Kavalys,1,1.3,6.5967899942985335,5.049457019154612,88.35375298654687,6.861618871405866,3.343834812275934,89.7945463163182,NA,NA,NA,5.237164232369399,7.850881355159093,86.91195441247152,3.4870514959899546,9.651724196699746,86.86122430731031,1.7237739947441508,11.366752474935426,86.90947353032041,2.542753303223601,10.075698634359014,87.38154806241738,2.1869551403867304,10.32408145576894,87.48896340384434,11.646247013453143,10.2054536836818,NA,13.088045587528493,13.1387756926897,13.090526469679578,12.618451937582616,12.511036596155671,3
60,Kertuojai,1,5.4,1.496615652370919,1.5041289689344055,96.99925537869468,2.579468044627113,1.8187988904054853,95.6017330649674,4.10191055842173,5.193393122282221,90.70469631929603,2.4759207375353163,5.530580359833023,91.99349890263166,1.999626715615718,6.6992640464475,91.30110923793676,1.5670330723357588,6.212319369851945,92.22064755781228,2.925545478758206,4.679586618448709,92.39486790279308,1.6656523008894648,6.034111056224031,92.30023664288652,3.0007446213053246,4.398266935032599,9.295303680703952,8.00650109736834,8.698890762063218,7.779352442187704,7.605132097206915,7.699763357113496,3
61,Kretuonas,1,8.6,4.21254212855946,2.4842541514808985,93.30320371995964,4.995841477466203,5.283304741924382,89.72085378060942,7.903333720006332,8.317583054236197,83.77908322575747,4.935139963617086,9.853688866395608,85.21117116998731,NA,NA,NA,4.105312617885881,10.450547719565188,85.44413966254893,8.78685729146085,5.740855149469787,85.47228755906936,4.36243987580323,10.138222796244094,85.49933732795269,6.696796280040358,10.279146219390585,16.22091677424253,14.788828830012694,NA,14.555860337451069,14.527712440930635,14.500662672047325,3
62,Krokų Lanka,1,8,19.09207505806832,4.890655634407104,76.01726930752457,NA,NA,NA,NA,NA,NA,3.056669963582648,23.88644309918849,73.05688693722885,NA,NA,NA,NA,NA,NA,7.888911812111128,17.4845233954524,74.62656479243647,27.292765725994013,2.128941892389879,70.57829238161611,23.982730692475425,NA,NA,26.94311306277114,NA,NA,25.373435207563528,29.42170761838389,3
63,Labūnava Reservoir,2,1.1,20.334641795411343,6.244051659644649,73.421306544944,30.635346517168017,3.263254445112635,66.10139903771936,27.981807044551022,8.528199635885258,63.48999331956372,NA,NA,NA,22.36782238740033,12.277271361207475,65.35490625139218,NA,NA,NA,32.19088674535073,3.932782599683809,63.87633065496546,23.421800934181903,10.769034633969754,65.80916443184834,26.57869345505599,33.89860096228065,36.51000668043628,NA,34.64509374860781,NA,36.12366934503454,34.19083556815166,4
64,Lampėdis,1,1.3,7.183929396791683,3.252912368029316,89.563158235179,NA,NA,NA,NA,NA,NA,NA,NA,NA,8.297405336165713,4.670160951117497,87.0324337127168,6.573167541560407,2.293007321637319,91.13382513680229,8.703806136416011,9.33751799595878,81.95867586762522,6.868708972465225,3.1358468480413704,89.9954441794934,10.436841764821,NA,NA,NA,12.96756628728321,8.866174863197726,18.04132413237479,10.004555820506596,1
65,Lavysas,1,1.5,1.151133081737276,1.4157776029009468,97.43308931536178,1.983727892731016,0.28111248673649725,97.73515962053249,2.23024390574176,0.8251724381221477,96.9445836561361,2.8585366777765246,2.8628122276963253,94.27865109452716,5.145735785512882,2.400099773572321,92.4541644409148,2.115845417920972,1.1665163471804894,96.71763823489852,3.0482143783129803,0.5280849097959972,96.42370071189104,1.6606599721940438,1.506276747848467,96.83306327995749,2.5669106846382226,2.264840379467513,3.055416343863908,5.7213489054728495,7.545835559085202,3.282361765101461,3.576299288108977,3.166936720042511,3
66,Lėnas,1,2.3,NA,NA,NA,NA,NA,NA,12.83698642334408,7.098593865990511,80.06441971066542,NA,NA,NA,8.618229375718942,9.219928146832943,82.16184247744812,12.187837902009049,9.122062172653628,78.69009992533732,13.099517032223162,7.637750515471279,79.26273245230556,11.12438259419581,9.175029133985262,79.70058827181894,NA,NA,19.935580289334588,NA,17.83815752255189,21.30990007466268,20.73726754769444,20.29941172818107,3
67,Ligajai,1,1.4,3.591946270946627,2.2387815899753183,94.16927213907806,7.655973342563839,1.4343084401639643,90.9097182172722,9.457041437337072,3.5627101575920355,86.9802484050709,5.923824686419243,5.881550903741276,88.19462440983948,NA,NA,NA,4.23881856558634,7.106440182298073,88.6547412521156,7.876448530712311,3.1330932344073856,88.9904582348803,6.860974843265943,5.610463261786312,87.52856189494774,5.830727860921945,9.090281782727804,13.019751594929108,11.80537559016052,NA,11.345258747884412,11.009541765119696,12.471438105052254,2
68,Luodis,1,12.9,3.762007503255008,7.073861024377005,89.16413147236798,4.220627314728203,4.869099265612674,90.91027341965912,5.579726973464812,7.053457354250224,87.36681567228496,NA,NA,NA,NA,NA,NA,3.7732559330982394,8.433588683984082,87.79315538291767,5.5957257938883656,6.353219249795716,88.05105495631591,5.121769768747651,7.708544723929829,87.16968550732251,10.835868527632014,9.089726580340876,12.633184327715036,NA,NA,12.20684461708232,11.94894504368408,12.83031449267748,3
69,Luokesai,1,1,3.295784307395227,0.9167571164148356,95.78745857618996,NA,NA,NA,5.110133310666173,1.4186077117061755,93.47125897762764,3.911514659483268,1.5250963488082492,94.56338899170848,2.812513823017276,3.617482844239252,93.57000333274348,2.402035551385595,2.0281527695360886,95.56981167907831,5.292972635392354,0.40040351856674616,94.30662384604088,4.931463579363084,0.6334678161279612,94.43506860450896,4.212541423810063,NA,6.5287410223723485,5.436611008291517,6.429996667256527,4.430188320921683,5.6933761539591,5.564931395491045,2
70,Lūšiai,1,3.5,2.635621410345194,1.1731711047493396,96.19120748490546,4.286906754895649,2.7458545009705,92.96723874413384,5.863249533688621,4.666648913369572,89.4701015529418,3.381076192534424,5.824611484978917,90.79431232248666,NA,NA,NA,3.233862721897379,6.055830438516957,90.71030683958568,5.321656139548066,4.049901086869688,90.62844277358224,4.524674308903526,6.166110870748376,89.30921482034809,3.8087925150945336,7.032761255866149,10.529898447058194,9.20568767751334,NA,9.289693160414338,9.371557226417751,10.690785179651902,2
71,Makys,1,1.8,3.2581319391806933,4.664112488685687,92.07775557213364,NA,NA,NA,7.649039660279534,5.427156528321355,86.9238038113991,4.906327894484153,5.900642032683143,89.1930300728327,NA,NA,NA,4.068462948393036,7.05013488496001,88.88140216664696,6.650466670066963,4.621138790662021,88.72839453927102,8.063743335879835,3.1958514801434914,88.74040518397668,7.92224442786638,NA,13.076196188600887,10.806969927167296,NA,11.118597833353046,11.271605460728985,11.259594816023329,1
72,Malkėstas,1,1,3.872908021797068,4.468574165555447,91.65851781264747,7.005156068379484,3.28620674839927,89.70863718322126,7.372132307668979,6.357572565624174,86.27029512670684,4.74713647711657,8.66066352236818,86.59220000051525,4.821867846587331,10.031984321677074,85.14614783173559,5.051641849240092,6.867574068462718,88.08078408229719,13.182431180236232,1.2227941487810088,85.59477467098276,7.59408191308128,6.375977889883089,86.02994019703563,8.341482187352515,10.291362816778754,13.729704873293151,13.40779999948475,14.853852168264403,11.91921591770281,14.405225329017242,13.970059802964368,2
73,Margis,1,1.2,2.6123702735721297,3.414178542370747,93.97345118405713,5.801836595253156,1.0920788615057944,93.10608454324104,6.611528381389153,2.753691588133852,90.634780030477,3.797789353020601,3.737405982418313,92.4648046645611,3.02614594520488,5.760536643306012,91.2133174114891,2.793012638567439,5.50094330665801,91.70604405477457,7.610733455311753,1.0771161515602456,91.312150393128,3.955770782044576,2.954572242293585,93.08965697566184,6.026548815942877,6.893915456758951,9.365219969523004,7.535195335438914,8.786682588510892,8.293955945225449,8.687849606872,6.910343024338161,2
74,Metelys,1,12.9,3.716918458839011,4.963813350614395,91.3192681905466,4.472791604231152,4.024565802047183,91.50264259372166,NA,NA,NA,6.016213195530142,3.384300448667573,90.5994863558023,5.5975435702011485,4.800577345542891,89.60187908425596,4.386658500724568,5.214364324460104,90.39897717481531,4.235487367302691,5.27189889819746,90.49261373449986,4.282478787190094,5.424392802884197,90.2931284099257,8.680731809453405,8.497357406278336,NA,9.400513644197716,10.39812091574404,9.601022825184671,9.507386265500152,9.70687159007429,3
75,Monis,1,1,7.551432346021464,2.789349962858618,89.65921769111992,8.833535378886657,1.1762099356221845,89.99025468549115,9.76224421726812,3.1090851165164386,87.12867066621544,8.334255013785842,5.297062705334875,86.36868228087928,9.651327996867254,5.143136835906586,85.20553516722616,9.011160575999396,4.850609398867114,86.1382300251335,14.078414849516484,0.8315794924121848,85.09000565807133,9.657020152051194,3.917904520234977,86.42507532771381,10.34078230888008,10.00974531450884,12.871329333784558,13.631317719120718,14.79446483277384,13.86176997486651,14.90999434192867,13.574924672286173,2
76,Nedzingis,1,3.1,13.711419181804729,9.19775166012458,77.09082915807069,15.302612470688477,6.163201889767303,78.53418563954422,19.68180016909484,9.133516146400574,71.18468368450459,14.832332524583386,12.344463845112296,72.8232036303043,NA,NA,NA,13.60287673485438,13.631227793131869,72.76589547201375,21.031669211890605,4.818150296806602,74.15018049130279,13.856486307600788,11.641509431347291,74.50200426105191,22.90917084192931,21.46581436045578,28.81531631549541,27.17679636969568,NA,27.234104527986247,25.84981950869721,25.49799573894808,3
77,Nevėža,1,1.6,2.752495341778109,7.38715153811256,89.86035312010934,5.536600940619251,4.049715279221493,90.41368378015926,9.700608838555286,5.0244920815042216,85.2748990799405,4.8327324695690965,8.843134794117551,86.32413273631336,4.423578177949675,8.427669110479505,87.14875271157082,4.465670776948297,9.720601290001184,85.81372793305052,6.941954186774914,5.896054007876512,87.16199180534858,8.170590522883197,6.21001360008824,85.61939587702857,10.13964687989067,9.586316219840745,14.725100920059509,13.675867263686648,12.851247288429178,14.18627206694948,12.838008194651426,14.380604122971436,3
78,Niedus,1,1.2,8.534419657505117,3.462361229127273,88.0032191133676,10.20681836033181,2.03934980235595,87.75383183731222,NA,NA,NA,NA,NA,NA,7.077760852597159,9.172990470704487,83.74924867669836,8.159562803766898,6.797009214607764,85.04342798162534,13.175271291232692,2.5799107819913187,84.24481792677598,9.38928409356866,8.360418076195554,82.25029783023578,11.99678088663239,12.24616816268776,NA,NA,16.250751323301646,14.95657201837466,15.755182073224011,17.749702169764213,1
79,Obelija,1,5.7,2.218696428344714,6.206814391358932,91.57448918029635,4.017999308387119,4.104088361303073,91.8779123303098,NA,NA,NA,4.693731254581408,4.976989684276413,90.3292790611422,3.498109039697224,7.2270403011877455,89.27485065911503,2.46184374546908,7.429275394725231,90.10888085980568,3.5918896382367733,5.976776220519944,90.4313341412433,3.556076323347848,5.864070396704851,90.57985327994732,8.425510819703646,8.122087669690192,NA,9.67072093885782,10.72514934088497,9.89111914019431,9.568665858756717,9.4201467200527,3
80,Paežeriai,1,4,4.58691843561911,2.450697544233336,92.96238402014755,6.707949800808985,1.5064857165972831,91.78556448259371,NA,NA,NA,2.435673759068351,7.012265957000401,90.55206028393124,NA,NA,NA,2.883272713724994,6.010688901909704,91.1060383843653,3.0196661209023303,5.76365314682432,91.21668073227336,2.9770833200731466,5.847933364486772,91.17498331544007,7.037615979852446,8.214435517406267,NA,9.447939716068753,NA,8.893961615634698,8.78331926772665,8.825016684559918,3
81,Pakasas,1,1.4,2.0667993626849035,2.595661852716054,95.33753878459903,4.749042950820033,2.476423023040718,92.77453402613924,7.1286037543286644,4.038133553458182,88.83326269221314,3.739167918685851,6.942211849196846,89.31862023211731,NA,NA,NA,3.727960879700951,6.701102457962066,89.57093666233698,5.633027825792769,3.863292846890255,90.503679327317,2.9608961229421937,6.489354431671547,90.54974944538628,4.662461215400958,7.22546597386075,11.166737307786846,10.681379767882696,NA,10.429063337663017,9.496320672683025,9.45025055461374,1
82,Papis,1,1.7,25.596145965447043,2.550856323189877,71.85299771136309,NA,NA,NA,NA,NA,NA,NA,NA,NA,36.91544661264942,8.64318570522548,54.4413676821251,34.99006889535425,2.1195794485231128,62.89035165612265,30.156046185481145,5.784624287848402,64.05932952667047,35.283857332745065,7.502582196830031,57.21356047042491,28.14700228863692,NA,NA,NA,45.558632317874896,37.10964834387736,35.94067047332955,42.7864395295751,3
83,Peršokšnai,1,2.1,3.374536232561584,0.7396881595602639,95.88577560787816,5.292886433915205,1.37707221356649,93.3300413525183,5.928666272696667,3.160499610999038,90.9108341163043,4.3405107857786085,3.6007852052199087,92.05870400900147,NA,NA,NA,2.1803060270751944,9.640877830597304,88.1788161423275,4.86431219556047,4.012548580520528,91.123139223919,3.521718193695944,5.392458381642344,91.08582342466173,4.114224392121848,6.669958647481695,9.089165883695706,7.941295990998517,NA,11.821183857672498,8.876860776081,8.914176575338288,2
84,Plateliai,1,12,3.0250133978761293,2.2477811108283245,94.72720549129556,NA,NA,NA,3.5979117636933866,4.46824474500507,91.93384349130152,1.5137720400499164,5.798865735608677,92.6873622243414,NA,NA,NA,2.9390608503498497,4.377717651124573,92.68322149852555,3.0690158721848877,4.356268506199094,92.574715621616,4.294156209708825,3.720674833869026,91.98516895642214,5.272794508704454,NA,8.066156508698457,7.312637775658594,NA,7.316778501474422,7.425284378383981,8.01483104357785,1
85,Prapuntas,1,1.3,3.3678388166632094,5.332824970624914,91.29933621271188,NA,NA,NA,NA,NA,NA,NA,NA,NA,3.4577477054333428,6.924424471722657,89.617827822844,4.232205789790458,6.094839502135026,89.67295470807453,4.540872451487648,5.132818519602161,90.3263090289102,3.5822753863651378,5.965624052602712,90.45210056103214,8.700663787288123,NA,NA,NA,10.382172177156,10.327045291925485,9.673690971089808,9.54789943896785,2
86,Pravalas (Vidugiris),1,2.7,7.964288494209357,11.243257011458194,80.79245449433245,12.46250667544566,2.7467349879975207,84.79075833655682,NA,NA,NA,11.197647039207263,10.181868921012594,78.62048403978015,11.904696373134978,7.629660818683441,80.46564280818158,10.542389276266013,15.092100353676328,74.36551037005766,15.325620158230564,7.554681876948938,77.11969796482052,14.018496803396967,8.864971750739299,77.11653144586373,19.20754550566755,15.209241663443182,NA,21.37951596021986,19.53435719181842,25.634489629942337,22.880302035179504,22.883468554136265,3
87,Rašai,1,1.7,7.082153674230842,9.209608854032124,83.70823747173704,7.037705060481057,6.702299435769535,86.25999550374941,15.922214223350926,6.886940024766928,77.19084575188214,7.274697323392885,15.586048571417937,77.13925410518918,NA,NA,NA,NA,NA,NA,10.733137816853109,10.460423526275024,78.80643865687188,9.55795765028862,14.449817556795056,75.99222479291633,16.291762528262964,13.740004496250592,22.809154248117853,22.86074589481082,NA,NA,21.19356134312813,24.007775207083675,3
88,Rašia,1,1.8,3.3526258674299028,0.4617014469969653,96.18567268557314,5.204965923878897,0.9832727490968988,93.8117613270242,5.340101898486032,2.396674908579974,92.263223192934,4.2504311388859,2.636795977595232,93.11277288351889,NA,NA,NA,2.892132764331376,3.208314982135289,93.89955225353332,4.859354921671563,1.384004029613791,93.75664104871466,3.552589502616048,3.151692269491214,93.29571822789272,3.814327314426868,6.188238672975795,7.736776807066006,6.887227116481132,NA,6.100447746466665,6.243358951285353,6.704281772107262,2
89,Rimietis,1,1.4,16.588531550771325,7.313561397704,76.09790705152467,18.798572721500747,3.2447977421099403,77.95662953638931,NA,NA,NA,NA,NA,NA,6.823623881759695,18.583562745496124,74.59281337274419,9.646612602852976,16.289739219339022,74.063648177808,8.746948885151806,16.798987712013023,74.45406340283517,10.652246299431724,14.97860209366384,74.36915160690444,23.902092948475325,22.04337046361069,NA,NA,25.407186627255815,25.936351822192,25.54593659716483,25.63084839309556,3
90,Rubikiai,1,9.1,1.384141294473305,7.174553555571311,91.44130514995538,2.6086007568738343,5.355967269410061,92.03543197371611,5.582040983527199,4.941985851961595,89.47597316451122,1.9932440577520691,8.333263415361893,89.67349252688605,2.0397471451681746,8.320045517403015,89.64020733742882,2.1305054986244203,8.720017638139863,89.1494768632357,5.155860998754074,4.9524349486659744,89.89170405257995,4.767639122587497,5.667019399320366,89.56534147809214,8.558694850044617,7.964568026283896,10.524026835488794,10.326507473113962,10.35979266257119,10.850523136764284,10.108295947420048,10.434658521907863,3
91,Samavas,1,5.2,1.9267898061739448,0.6647327766925343,97.40847741713353,2.971290307129389,2.582425257824493,94.44628443504612,3.9373543220747695,6.877703084097317,89.18494259382793,1.9860796017375084,7.395057196694732,90.61886320156776,NA,NA,NA,1.3165513170906105,9.292400376628397,89.391048306281,4.047196995862859,5.107590636577864,90.84521236755928,1.5676451431066436,8.81794908417297,89.61440577272039,2.5915225828664794,5.553715564953881,10.815057406172087,9.38113679843224,NA,10.608951693719009,9.154787632440724,10.385594227279611,3
92,Sartai,1,11.5,3.635761928340952,2.919530761873433,93.44470730978564,5.750882767090467,6.352506382818057,87.89661085009148,12.857489994335502,4.547924650634504,82.59458535502999,5.200115833276329,11.68771074779912,83.11217341892456,5.695312415377416,9.86409577158368,84.4405918130389,NA,NA,NA,9.006086007181063,6.876851106785953,84.11706288603298,4.577833779325983,11.835515542394868,83.58665067827914,6.555292690214385,12.103389149908525,17.405414644970005,16.887826581075448,15.559408186961097,NA,15.882937113967015,16.41334932172085,3
93,Seirijis,1,5.1,2.4017406201045164,6.013296736302269,91.58496264359322,3.396578130944355,3.2727998089511745,93.33062206010447,3.596437060879055,6.690893298536412,89.71266964058454,NA,NA,NA,3.1270830923470627,7.7360258829237,89.13689102472924,2.8595179026218074,6.541396949083589,90.5990851482946,3.4433059045573664,5.801255938214861,90.75543815722776,3.1150895832135226,5.711641831711137,91.17326858507536,8.415037356406785,6.669377939895529,10.287330359415469,NA,10.863108975270762,9.400914851705396,9.244561842772228,8.826731414924659,1
94,Siesartis,1,5.1,2.4089724016830187,1.0816062704026483,96.50942132791434,4.954877471025762,1.30361346435691,93.74150906461732,4.827420323601698,4.345438217646168,90.82714145875217,3.34851369722501,4.534245180297456,92.11724112247754,2.441194138598501,7.730412586046254,89.82839327535525,2.295627134025458,5.265341624570963,92.43903124140358,11.154355063091051,0.7910387700894651,88.05460616681948,4.419467175542506,4.282636947717396,91.2978958767401,3.4905786720856677,6.258490935382672,9.172858541247866,7.882758877522466,10.171606724644755,7.560968758596421,11.945393833180518,8.702104123259902,1
95,Siesikai,1,1.2,3.401920578040254,9.4672452104101,87.13083421154965,NA,NA,NA,18.0061713743529,8.101237750916948,73.89259087473016,NA,NA,NA,7.043907334644607,13.9998234154188,78.9562692499366,8.561186574092766,15.449700529370746,75.9891128965365,14.709180770068276,9.991084090699356,75.29973513923237,9.114634759923923,15.839211246716111,75.04615399335997,12.869165788450356,NA,26.107409125269847,NA,21.043730750063407,24.01088710346351,24.700264860767632,24.953846006640035,3
96,Simnas,1,2.4,6.204171891547676,6.146709375390375,87.64911873306195,6.073215995725781,5.12709617238936,88.79968783188485,NA,NA,NA,NA,NA,NA,5.164559938661735,4.78874217035001,90.04669789098826,3.213648209559757,9.84235739043162,86.94399440000862,3.698864289944807,7.872266831834558,88.42886887822064,4.0768220233559385,7.952382524143371,87.9707954525007,12.350881266938051,11.200312168115142,NA,NA,9.953302109011744,13.056005599991376,11.571131121779365,12.02920454749931,3
97,Skaistis,1,2.9,2.9536060115404035,6.354092210209935,90.69230177824966,NA,NA,NA,5.8487365705400505,5.834257565266132,88.31700586419383,4.316970904374778,7.397152378922041,88.28587671670319,NA,NA,NA,2.961873567780939,8.979219181393145,88.05890725082592,4.9519979463306845,6.099459899568509,88.9485421541008,4.536334009533347,6.248254335838959,89.2154116546277,9.30769822175034,NA,11.682994135806185,11.714123283296818,NA,11.941092749174084,11.051457845899192,10.784588345372306,2
98,Šlavantas,1,1.9,5.687266444919647,4.3581963223110405,89.95453723276931,NA,NA,NA,NA,NA,NA,NA,NA,NA,5.173788537528599,6.2898904766214585,88.53632098584994,4.810991706115233,5.546340371889074,89.6426679219957,6.462595978299612,4.037451242637513,89.49995277906288,5.48974933272603,5.1182913692438765,89.3919592980301,10.045462767230688,NA,NA,NA,11.463679014150056,10.357332078004308,10.500047220937123,10.608040701969903,2
99,Snaigynas,1,2,3.3777347988672526,7.148753236711368,89.47351196442138,5.593170692119526,1.186551862086153,93.22027744579432,NA,NA,NA,NA,NA,NA,4.382111052454111,10.73800079149565,84.87988815605024,4.042984156953132,6.786690830030205,89.17032501301667,8.755078639980221,2.3969475696281624,88.8479737903916,6.155753775516088,4.694707174786774,89.14953904969714,10.52648803557862,6.779722554205679,NA,NA,15.12011184394976,10.829674986983337,11.152026209608383,10.85046095030286,1
100,Spindžius,1,1.1,4.566854473315778,3.583155924008356,91.84998960267586,7.946717410452414,0.2927135627260401,91.76056902682154,6.458241103777787,4.696026899935369,88.84573199628683,NA,NA,NA,4.889044155262077,5.249910113447239,89.86104573129067,4.972243875867853,4.5852613354889415,90.4424947886432,7.569523190702839,2.653750113738502,89.77672669555866,5.645406908377311,3.500695828710839,90.85389726291186,8.150010397324134,8.239430973178454,11.154268003713156,NA,10.138954268709316,9.557505211356794,10.223273304441342,9.14610273708815,2
101,Stirniai,1,8.6,3.873358103814657,1.5174409510932636,94.60920094509208,6.068161400264716,3.26761099910132,90.66422760063396,7.138503510443349,5.58207485829036,87.2794216312663,5.344877669068223,5.919206286875539,88.73591604405624,5.013026396393646,10.252623318978836,84.73435028462752,4.745341145560101,6.369568145530108,88.8850907089098,8.156116251958926,3.2460840827783146,88.59779966526277,5.696229333905416,5.263692871192012,89.04007779490256,5.39079905490792,9.335772399366036,12.720578368733708,11.264083955943764,15.265649715372485,11.114909291090209,11.40220033473724,10.959922205097428,1
102,Suvingis,1,1.1,4.38392675836648,6.484109528788334,89.13196371284518,NA,NA,NA,6.902611806973409,6.3268843475476695,86.77050384547891,5.285984108993289,6.980640898172462,87.73337499283426,NA,NA,NA,3.427661967636001,8.622775154705838,87.94956287765817,9.631018250451804,2.7947935722792803,87.57418817726891,4.266066889301427,7.281258036511247,88.45267507418734,10.868036287154814,NA,13.22949615452108,12.26662500716575,NA,12.05043712234184,12.425811822731085,11.547324925812674,1
103,Svėdasas,1,1.2,1.8106723850217648,7.411939163577251,90.77738845140098,NA,NA,NA,7.041215058332923,6.500710713240104,86.45807422842697,3.497668740337412,9.395338436973567,87.10699282268901,3.5753119940133824,9.948665135575094,86.47602287041151,NA,NA,NA,6.200876777122848,6.340641431258452,87.4584817916187,7.411681640633752,5.202656296664158,87.38566206270208,9.222611548599016,NA,13.541925771573029,12.89300717731098,13.523977129588475,NA,12.5415182083813,12.614337937297911,2
104,Tauragnas,1,5,2.231502547215292,1.0310650088976905,96.73743244388702,3.5963486639117708,2.925728084763466,93.47792325132475,4.30635055477152,3.556776353721609,92.13687309150689,2.600370255566389,4.589107466801202,92.81052227763242,NA,NA,NA,1.6867388637458216,5.317433460563113,92.99582767569106,3.521654644921878,3.207939867823606,93.27040548725452,3.2733233592084425,5.191938978517886,91.53473766227368,3.2625675561129825,6.522076748675237,7.863126908493129,7.189477722367592,NA,7.004172324308935,6.729594512745484,8.465262337726328,2
105,Ūkojas,1,1.9,2.229805934245652,1.816314158166084,95.95387990758826,4.505123563081175,1.6173911584788925,93.87748527843992,5.863732811218602,3.7769156504753143,90.35935153830609,3.3849812103307584,6.137365827778867,90.47765296189036,NA,NA,NA,2.589768477800785,6.85875488701346,90.55147663518576,5.049709602209318,3.664172653568998,91.28611774422168,4.155921697202552,4.6284542460149964,91.21562405678245,4.046120092411736,6.122514721560068,9.640648461693916,9.522347038109626,NA,9.448523364814246,8.713882255778316,8.784375943217547,2
106,Ūsiai,1,2.6,1.8818530656289796,0.5381704585910189,97.57997647578,3.435874886944517,1.291360516841636,95.27276459621386,3.982930179939858,2.7424562060094058,93.27461361405074,2.370056618539728,3.279914358342295,94.35002902311795,NA,NA,NA,1.4226030674556212,4.004734189076878,94.57266274346748,3.912305780053048,1.8695997099424644,94.21809451000448,2.957690277478474,3.0739142950296463,93.96839542749188,2.420023524219998,4.727235403786153,6.725386385949264,5.649970976882022,NA,5.427337256532499,5.781905489995513,6.031604572508121,1
107,Utenas,1,2,2.2787920447835543,0.6642550637762191,97.05695289144025,3.69023630257947,1.460185332226686,94.84957836519384,4.248233020545465,4.349150581857049,91.4026163975975,3.19253582816496,5.27677126914768,91.53069290268736,NA,NA,NA,1.844063717185302,6.658110196646812,91.49782608616788,3.9836948692001015,2.9076603189375483,93.10864481186236,5.463251824313283,5.35363526756306,89.18311290812366,2.9430471085597736,5.150421634806156,8.597383602402513,8.46930709731264,NA,8.502173913832113,6.89135518813765,10.816887091876342,1
108,Vaitiekūnai Reservoir,2,1.4,13.650529866700236,3.183405980358838,83.16606415294093,20.59185166321303,3.163586625942093,76.24456171084488,NA,NA,NA,9.374145816916329,14.798359540004622,75.82749464307905,NA,NA,NA,NA,NA,NA,14.929937270509072,4.749855313009749,80.32020741648118,13.089994460719032,9.021487884821108,77.88851765445986,16.833935847059074,23.755438289155123,NA,24.17250535692095,NA,NA,19.67979258351882,22.11148234554014,4
109,Vajuonis,1,2.3,2.282399142524483,1.3624586485734913,96.355142208902,3.8776575884508766,2.8450026165974225,93.27733979495171,4.684778735273312,6.696817766625049,88.61840349810166,3.489598529447926,6.838315581576787,89.67208588897529,NA,NA,NA,2.7090873439123726,7.791875905226781,89.49903675086085,7.694445937527631,4.245567501563715,88.05998656090865,3.463937219996854,7.0935103787725735,89.44255240123059,3.644857791097975,6.7226602050483,11.38159650189836,10.327914111024713,NA,10.500963249139154,11.940013439091349,10.557447598769429,1
110,Veisiejis,1,5.6,7.458970808820263,4.347201802537478,88.19382738864226,NA,NA,NA,NA,NA,NA,NA,NA,NA,6.40043120776462,10.175191247592522,83.42437754464287,6.717550315312862,9.96543188180044,83.3170178028867,11.787396608744777,5.212516455001718,83.00008693625351,6.670849110599368,9.052186717910375,84.27696417149026,11.80617261135774,NA,NA,NA,16.57562245535714,16.682982197113304,16.999913063746494,15.723035828509744,1
111,Vencavas,1,2.3,1.6114272429776928,0.3939620110241258,97.99461074599816,2.768822093349561,0.20213104197551024,97.02904686467492,3.108367382541073,0.5349120492596225,96.3567205681993,2.050602034289934,1.0414417469760122,96.90795621873404,NA,NA,NA,1.6557678423784083,1.2551059545033965,97.0891262031182,3.1131605561264624,0.3070751715765064,96.57976427229704,3.080662672067821,0.4244528263582708,96.4948845015739,2.0053892540018188,2.970953135325072,3.643279431800696,3.0920437812659465,NA,2.9108737968818046,3.420235727702969,3.505115498426092,2
112,Verniejus,1,1,3.9858782736716383,4.718524448679725,91.29559727764864,5.674788201395757,1.2231510843391145,93.10206071426514,6.427728049120353,4.683850121267849,88.88842182961181,NA,NA,NA,5.8040552635662905,6.43486505096272,87.761079685471,4.703664194401714,7.820748261535058,87.47558754406323,4.171459455780534,6.669844307675973,89.1586962365435,4.930074219782094,5.587676027785549,89.48224975243235,8.704402722351363,6.897939285734871,11.111578170388205,NA,12.238920314529013,12.524412455936773,10.841303763456509,10.517750247567644,2
113,Vernijis,1,1.8,8.660111053769219,7.497748382807299,83.84214056342347,9.052537027457651,4.425303790645159,86.5221591818972,NA,NA,NA,NA,NA,NA,8.37514782040151,9.136814728233658,82.48803745136483,8.609611677919789,9.5459724221815,81.8444158998987,11.838928093125698,5.989172675467368,82.17189923140693,8.853758779970235,8.686535797340127,82.45970542268964,16.15785943657652,13.477840818102813,NA,NA,17.511962548635168,18.15558410010129,17.828100768593067,17.540294577310362,1
114,Vidinkstas,1,1.1,2.319242883278937,4.4146605910831,93.26609652563796,4.525519857294613,2.988689979068353,92.48579016363703,6.176798717365238,4.894407526893076,88.92879375574168,2.6349604704473624,8.464237679139721,88.90080185041292,1.9712909297257597,8.438669792825745,89.5900392774485,1.9718534201456688,8.456693056962898,89.57145352289143,4.654302616512885,5.487008645125903,89.85868873836121,4.463608082694819,7.210980823982083,88.3254110933231,6.733903474362037,7.514209836362967,11.071206244258311,11.099198149587084,10.409960722551505,10.428546477108569,10.141311261638789,11.674588906676902,3
115,Vievis,1,3,1.5743432448143917,1.0061935720889092,97.4194631830967,NA,NA,NA,2.9053908311028738,1.1470601869892136,95.9475489819079,2.607949725683352,1.0185004015229593,96.37354987279367,2.1515720940055347,1.9599096616280725,95.8885182443664,2.8867329048462063,0.5537140087067732,96.559553086447,1.8634470116216544,1.3785047459241755,96.75804824245418,2.08070178361742,0.8825403699959938,97.0367578463866,2.580536816903301,NA,4.052451018092087,3.626450127206312,4.111481755633607,3.44044691355298,3.24195175754583,2.9632421536134137,2
116,Vilkinys,1,1.4,3.894148716398538,6.173560920856521,89.93229036274494,5.536342682583338,1.9956775559477336,92.46797976146892,NA,NA,NA,NA,NA,NA,2.8033663576808427,9.313431198046096,87.88320244427307,3.5537358210871823,9.82614122842663,86.62012295048618,8.706405666028843,4.274927392671192,87.01866694129997,4.064195638287987,8.263206371981498,87.67259798973052,10.06770963725506,7.532020238531071,NA,NA,12.116797555726937,13.379877049513812,12.981333058700034,12.327402010269484,1
117,Vilkokšnis,1,3.1,4.966630684819847,6.110148783288191,88.92322053189197,7.536883057850824,1.98786913524429,90.47524780690487,7.049479274324097,6.514138393950588,86.43638233172531,6.2158256766048,6.663265584451102,87.12090873894411,6.013222736935193,7.777004793289708,86.2097724697751,5.945911566573795,7.459037328497799,86.59505110492842,6.61251887271612,6.164220102779388,87.2232610245045,6.551349255284661,6.213948531670647,87.23470221304468,11.07677946810804,9.524752193095114,13.563617668274684,12.8790912610559,13.7902275302249,13.404948895071596,12.776738975495508,12.765297786955308,1
118,Virintai,1,2.6,3.1043112681350333,4.178141039955016,92.71754769190996,5.700934752394337,1.717541057311932,92.58152419029372,5.434835444041015,6.439421583521837,88.12574297243714,3.82836468429478,8.103296720854809,88.0683385948504,3.436107631504276,7.288692067702073,89.27520030079366,3.3027221589999947,8.963700793162674,87.73357704783731,7.235258068228416,3.9165312144070894,88.8482107173645,4.360940408968519,6.198934628266599,89.44012496276488,7.28245230809005,7.418475809706269,11.874257027562852,11.931661405149589,10.724799699206349,12.266422952162667,11.151789282635503,10.559875037235118,2
119,Zaduojys,1,1.3,2.5710792825516267,5.633580357490765,91.7953403599576,4.826582709216403,2.4721973977328124,92.7012198930508,5.427007074310406,5.665884220387991,88.9071087053016,2.745236203154855,7.371669780529524,89.88309401631562,2.0587736207620315,8.117265668609253,89.82396071062873,NA,NA,NA,5.851280762519678,5.34424426341266,88.80447497406766,3.920310679644772,7.349413433760521,88.7302758865947,8.204659640042392,7.298780106949215,11.092891294698395,10.11690598368438,10.176039289371284,NA,11.195525025932335,11.269724113405292,2
120,Žaltytis,1,2.4,4.872503759568573,1.7832646014985725,93.34423163893284,NA,NA,NA,NA,NA,NA,NA,NA,NA,4.973065751887292,3.34432491093309,91.6826093371796,4.663620759808005,2.266753727918396,93.0696255122736,6.291740619716826,1.0056872228232456,92.70257215745993,4.683305662416713,1.799654582882747,93.51703975470052,6.655768361067146,NA,NA,NA,8.317390662820383,6.930374487726401,7.297427842540072,6.48296024529946,3
121,Zapsys,1,1.9,6.237487633730254,7.406778468772887,86.35573389749686,8.153500834532657,5.60852235384877,86.23797681161858,NA,NA,NA,NA,NA,NA,7.848408490555994,8.723193613974447,83.42839789546956,7.712907055439978,8.953321322080864,83.33377162247916,12.527597544648769,4.385184029758646,83.08721842559258,7.291572025918802,8.852881697559884,83.85554627652132,13.644266102503142,13.762023188381429,NA,NA,16.57160210453044,16.66622837752084,16.912781574407415,16.144453723478684,1
122,Žasliai,1,1.1,6.61844888161179,7.074518233787782,86.30703288460042,NA,NA,NA,15.11371612913922,6.102123349505767,78.78416052135502,8.066339411852685,12.626563893928807,79.3070966942185,7.907394258697287,12.954562977845208,79.13804276345752,18.3862782267189,2.2006618126428337,79.41305996063825,7.376501116069297,11.496838607059146,81.12666027687155,9.061566094087809,10.739755207048493,80.1986786988637,13.692967115399572,NA,21.215839478644988,20.69290330578149,20.86195723654249,20.586940039361732,18.87333972312844,19.801321301136294,1
123,Žeimenys,1,4.3,5.5848296893680605,1.6438022585321206,92.77136805209982,7.497809484087337,2.780354888082704,89.72183562782996,10.56616428470329,4.958718211891758,84.47511750340495,6.4004189292498985,7.1771281705489045,86.4224529002012,NA,NA,NA,5.646979834009223,8.82278647166832,85.53023369432246,13.077920420550182,2.7782459319106367,84.14383364753918,6.392433018672223,7.404900869596479,86.2026661117313,7.228631947900181,10.27816437217004,15.524882496595048,13.577547099798805,NA,14.469766305677542,15.856166352460818,13.7973338882687,1
124,Želvos,1,1.4,5.808357270753028,3.178226122621898,91.01341660662506,8.217481464428094,0.885353609594142,90.89716492597776,9.634702313008644,7.089030658495828,83.27626702849552,5.783569081351471,10.176170033082116,84.04026088556643,4.8138232906452565,8.51745488870403,86.66872182065072,4.738722928767408,10.807338283310797,84.45393878792179,9.966263864192436,5.161126459903995,84.87260967590356,7.29358218908423,7.148376810357268,85.5580410005585,8.986583393374925,9.102835074022236,16.72373297150447,15.959739114433589,13.331278179349288,15.546061212078204,15.127390324096432,14.441958999441498,1
125,Žirnajai,1,2,2.59548843023749,6.68306054946218,90.72145102030032,NA,NA,NA,5.94294469927852,7.138031013855986,86.9190242868655,NA,NA,NA,NA,NA,NA,3.8406989105142175,8.77720772980012,87.38209335968565,5.573549471653748,6.156562108792761,88.2698884195535,5.89355398261036,5.824001307671059,88.28244470971858,9.27854897969967,NA,13.080975713134508,NA,NA,12.617906640314338,11.730111580446508,11.71755529028142,2
126,Žuvintas,1,10,36.92498605022909,17.31767818869729,45.75733576107361,38.31357377787665,19.495748725817464,42.1906774963059,NA,NA,NA,NA,NA,NA,35.43416790225169,20.69913415912207,43.866697938626245,34.936496314637054,24.18558491741993,40.877918767943015,36.70480994863101,16.835347984310843,46.45984206705814,34.960484044827105,24.70837988771058,40.33113606746231,54.24266423892638,57.80932250369411,NA,NA,56.13330206137376,59.122081232056985,53.54015793294185,59.66886393253769,3
127,Žvernas,1,1.8,3.9770131199786256,3.516607031031558,92.50637984898982,5.860558390371327,2.483099259142992,91.65634235048567,7.3312269579595455,6.710681740243429,85.95809130179703,4.165330924421195,8.877022519230234,86.95764655634856,3.778207882422678,9.007936071332908,87.21385604624442,3.706626701673331,10.435124760640866,85.8582485376858,4.947091073263423,8.210479565094106,86.84242936164247,4.423345977229488,9.795893226145328,85.78076079662519,7.493620151010184,8.343657649514318,14.041908698202974,13.042353443651429,12.786143953755584,14.141751462314197,13.15757063835753,14.219239203374816,3
128,Batoryna,1,6.1,NA,NA,NA,5.187751264998159,9.794850294663084,85.01739844033875,8.998699530882917,15.134235370006238,75.86706509911085,5.422268257907847,12.463669499704306,82.11406224238786,5.839830121726733,12.063090812443036,82.09707906583023,NA,NA,NA,5.65740380271994,12.719234903025992,81.62336129425407,10.619728361207311,8.39081382251641,80.98945781627629,NA,14.982601559661244,24.13293490088916,17.885937757612155,17.90292093416977,NA,18.376638705745933,19.01054218372372,3
129,Belaye (Kan'),1,6.7,4.008044423041192,6.838789621542056,89.15316595541675,5.914817378335932,2.575135114188999,91.51004750747508,8.647313811815598,2.059713675619218,89.29297251256519,NA,NA,NA,5.258471280304933,7.0905427110668935,87.65098600862817,4.14419618857039,6.408821894878416,89.44698191655121,9.869922769392073,1.4206104737973329,88.70946675681061,5.9381642089732285,5.504760199928875,88.55707559109788,10.846834044583249,8.489952492524932,10.707027487434816,NA,12.349013991371828,10.553018083448803,11.290533243189405,11.442924408902105,3
130,Belaye (Vilija),2,1.7,2.186166847151485,5.109559167291939,92.70427398555655,6.478129546338024,3.3615303453370244,90.16034010832496,NA,NA,NA,8.131469496275095,2.581313406550449,89.28721709717445,7.786331712553424,4.708216227874092,87.50545205957249,7.581341491969022,11.920539169614248,80.49811933841673,9.498776615311142,2.319678907142301,88.18154447754655,9.756260915596483,1.7052361730410164,88.5385029113625,7.295726014443424,9.839659891675048,NA,10.712782902825545,12.494547940427516,19.50188066158327,11.818455522453442,11.4614970886375,4
131,Bershtauskaye,1,1.6,3.07760378944006,4.86792332231454,92.0544728882454,6.332974200700152,2.4525417436239616,91.21448405567588,8.495399244679238,1.889372501098458,89.6152282542223,NA,NA,NA,NA,NA,NA,3.297325977391301,6.434218419482162,90.26845560312654,8.309137172614504,1.781483639732417,89.90937918765307,4.237673958010516,4.677590373918934,91.08473566807056,7.9455271117546,8.785515944324114,10.384771745777696,NA,NA,9.731544396873463,10.09062081234692,8.91526433192945,3
132,Belaye (Narach),1,2,NA,NA,NA,0.7411879882307979,1.476867139848626,97.78194487192056,1.0381430697158562,2.1582967991376187,96.80356013114653,1.1907295618860103,2.0025195483216924,96.8067508897923,1.478500550751903,3.5504008697034704,94.97109857954464,2.1142632488750013,0.8999399152527202,96.98579683587228,1.688458871827584,2.5043312648442164,95.8072098633282,0.920357855992062,1.5174732876556771,97.56216885635226,NA,2.218055128079424,3.196439868853475,3.193249110207703,5.028901420455373,3.0142031641277214,4.192790136671801,2.437831143647739,3
133,Babrovitskaye,1,10,0.6162176780650577,0.5299149457926824,98.85386737614226,1.2130161754089936,0.8642197708543613,97.92276405373664,NA,NA,NA,NA,NA,NA,0.9002217875117099,1.176711409398233,97.92306680309008,1.7208156435046955,1.0924439061803874,97.18674045031491,1.707860889753121,0.4933606560818175,97.79877845416506,2.019813376647003,0.4270984712753744,97.55308815207762,1.14613262385774,2.0772359462633547,NA,NA,2.076933196909943,2.8132595496850827,2.201221545834938,2.4469118479223773,3
134,Vialikiya Shvakshty,1,9.5,NA,NA,NA,1.4895936612161726,2.1028652185558485,96.40754112022798,2.537495504525692,2.409631278925636,95.05287321654868,1.582874541373434,2.903884306753428,95.51324115187312,1.466968604938948,1.9443674179401185,96.58866397712094,NA,NA,NA,2.29871379900326,1.7632835315568869,95.93800266943984,2.29880154388847,1.8858476223454,95.81535083376612,NA,3.592458879772021,4.947126783451328,4.486758848126861,3.411336022879066,NA,4.061997330560147,4.18464916623387,3
135,Verauskaye,1,1.2,NA,NA,NA,10.431498982112824,1.7324872318625288,87.83601378602465,NA,NA,NA,NA,NA,NA,NA,NA,NA,5.975487618901538,4.653066814315309,89.37144556678317,11.363378105538189,1.5631856022281752,87.07343629223362,7.7463859885162,3.856550299990808,88.39706371149299,NA,12.16398621397535,NA,NA,NA,10.628554433216848,12.926563707766364,11.602936288507008,3
136,Vilejka Reservoir,2,65.4,0.784313348797409,4.000672679255809,95.21501397194676,2.0080331640590634,3.480232757025612,94.51173407891534,NA,NA,NA,NA,NA,NA,3.963053198643188,2.5340205291016504,93.50292627225517,NA,NA,NA,3.3173060767950195,2.5794571302601885,94.10323679294478,2.067275812981185,3.313339542430892,94.61938464458792,4.7849860280532175,5.488265921084675,NA,NA,6.497073727744838,NA,5.8967632070552085,5.380615355412077,5
137,Vishneuskaye,1,10.3,3.066635371600332,3.094341497811233,93.83902313058844,3.5990431238224123,3.444224000321473,92.95673287585612,4.993079910489743,2.9629520649464536,92.0439680245638,3.5577733275713106,3.817079959202303,92.6251467132264,3.482154800050317,3.5842175120003006,92.93362768794938,NA,NA,NA,5.253743569487423,2.274370548871473,92.47188588164111,5.377742137765328,2.703427576881512,91.91883028535317,6.160976869411565,7.043267124143886,7.956031975436197,7.374853286773613,7.066372312050618,NA,7.528114118358895,8.08116971464684,3
138,Volpa Reservoir,2,1.2,37.422991501422885,7.720463891909524,54.8565446066676,43.20703670616439,3.206580237643351,53.586383056192254,NA,NA,NA,NA,NA,NA,42.64277937562368,14.759907381970717,42.597313242405605,44.81706325454595,29.238774126162397,25.944162619291657,67.74013389471956,3.958882363825685,28.300983741454743,56.476396485770685,10.058930935066734,33.46467257916259,45.14345539333241,46.41361694380774,NA,NA,57.4026867575944,74.05583738070834,71.69901625854524,66.53532742083742,4
139,Vyhanashchanskaye,1,25.5,0.3886387969087092,0.4763265936326724,99.1350346094586,0.7395884320948285,0.5889358257420154,98.67147574216315,NA,NA,NA,NA,NA,NA,0.5998905520044076,0.7375521621824045,98.66255728581318,NA,NA,NA,1.301538398665098,0.23968320613496136,98.45877839519994,1.572366209637538,0.1458015562010979,98.28183223416136,0.8649653905413817,1.328524257836844,NA,NA,1.3374427141868122,NA,1.541221604800059,1.7181677658386358,3
140,Hats Reservoir,2,1.2,8.809031604095315,7.624712244142307,83.56625615176239,11.681719565818783,4.899391749371918,83.4188886848093,NA,NA,NA,NA,NA,NA,11.057167127655177,6.621572908169833,82.32125996417498,12.181458337639928,10.26924760076026,77.54929406159981,17.45369767769614,2.8390662788239043,79.70723604347995,17.70290978172474,3.827498717369192,78.46959150090608,16.433743848237622,16.5811113151907,NA,NA,17.678740035825008,22.450705938400187,20.292763956520044,21.53040849909393,4
141,Hrodna Reservoir,2,19.8,7.329088915021479,1.3044429031631262,91.3664681818154,2.699452736932968,0.2666804923023368,97.0338667707647,NA,NA,NA,NA,NA,NA,2.2328884602078185,1.667743549510302,96.09936799028188,2.151324788715401,1.3165607526221212,96.53211445866248,3.263182978158404,1.225314371016938,95.51150265082468,2.780597816814766,0.8121384329469638,96.40726375023829,8.633531818184606,2.9661332292353046,NA,NA,3.90063200971812,3.4678855413375222,4.488497349175342,3.592736249761729,5
142,Hruda,1,1.3,7.642388144968038,11.965727458419586,80.39188439661237,18.48551930580327,1.2847690584105598,80.22971163578617,21.83821783373367,2.656898370623129,75.50488379564318,NA,NA,NA,NA,NA,NA,11.252874366304429,8.648155924004131,80.09896970969145,17.790206574279537,2.740880264332865,79.4689131613876,14.198195752175444,6.246167970026336,79.55563627779821,19.608115603387624,19.77028836421383,24.4951162043568,NA,NA,19.90103029030856,20.531086838612403,20.44436372220178,3
143,Chamialy Reservoir,2,2,19.08859372010822,7.467363697694594,73.44404258219718,23.21252168804292,7.863518537786245,68.92395977417085,NA,NA,NA,22.96407248279516,8.859024753041457,68.1769027641634,25.996164850018545,9.674961900795076,64.32887324918639,25.351533522755247,7.698176047636002,66.95029042960876,32.01172122213393,1.7285469524936623,66.25973182537241,36.54203238594205,0.5013938498633309,62.95657376419462,26.555957417802816,31.07604022582916,NA,31.823097235836613,35.67112675081362,33.04970957039125,33.74026817462759,37.04342623580538,4
144,Dziahili,1,1.4,1.8223151168066296,6.888254076515145,91.28943080667824,2.64343054922895,1.577043397702145,95.77952605306888,NA,NA,NA,2.849716238142929,1.1190981764620602,96.03118558539502,1.9241796512363067,2.3679421104627605,95.70787823830094,NA,NA,NA,2.6503576087460843,0.9581872789915602,96.39145511226236,2.391654070989316,0.8870866827032919,96.72125924630738,8.710569193321774,4.220473946931095,NA,3.968814414604989,4.292121761699067,NA,3.608544887737645,3.278740753692608,3
145,Zelva Reservoir,2,10.5,NA,NA,NA,NA,NA,NA,NA,NA,NA,NA,NA,NA,7.564824715361096,4.211376857757357,88.22379842688154,NA,NA,NA,10.453126063304689,2.233875061042345,87.31299887565297,9.077512688213908,3.1751469216718635,87.74734039011423,NA,NA,NA,NA,11.776201573118453,NA,12.687001124347033,12.252659609885772,4
146,Losha Reservoir,2,2.8,6.172398981452615,2.7249879471283647,91.10261307141904,7.04647048940837,1.0931064586422772,91.86042305194934,NA,NA,NA,NA,NA,NA,6.517149822098903,2.594464000865806,90.8883861770353,8.71798901725024,1.3978592526757478,89.88415173007401,8.040521708607843,0.7512684321497735,91.20820985924236,6.745776117501761,2.679873829880961,90.57435005261728,8.897386928580978,8.139576948050648,NA,NA,9.111613822964708,10.115848269925989,8.791790140757616,9.425649947382723,4
147,Malyia Shvakshty,1,2.1,NA,NA,NA,7.908625022727706,4.395994657122296,87.69538032015,9.533102938154006,8.600368004580321,81.86652905726567,8.228046416376827,5.57627402030318,86.19567956332,7.015634359461803,5.3747046745470834,87.60966096599111,NA,NA,NA,9.91207582430661,4.444282644853854,85.64364153083953,11.003541327897084,4.096290836745197,84.90016783535772,NA,12.304619679850004,18.133470942734327,13.804320436680008,12.390339034008884,NA,14.356358469160464,15.09983216464228,3
148,Minichy Reservoir,2,3.7,13.137922696655243,18.46462997707869,68.39744732626606,17.778988179082145,16.066557258664513,66.15445456225333,NA,NA,NA,NA,NA,NA,17.906580007218675,21.876373452383604,60.217046540397725,NA,NA,NA,38.7927406989436,6.405795387382208,54.8014639136742,42.10755581700016,4.316495590108628,53.57594859289121,31.60255267373393,33.84554543774666,NA,NA,39.78295345960228,NA,45.1985360863258,46.42405140710879,4
149,Myastra,1,13.4,NA,NA,NA,3.2788267753252978,8.234947417651483,88.48622580702322,5.565460474139605,5.071889886624432,89.36264963923595,3.3160604755288188,6.961162127842788,89.7227773966284,4.058615322569239,6.874960178485319,89.06642449894544,7.0128268981214505,3.992127493131635,88.99504560874692,6.7633652009525385,3.403202179088966,89.8334326199585,4.275596171861468,5.670513008300167,90.05389081983837,NA,11.51377419297678,10.637350360764035,10.277222603371609,10.933575501054555,11.004954391253086,10.166567380041505,9.946109180161637,3
150,Narach,1,78.9,0.44852715439256274,1.863631214103808,97.68784163150364,0.4679203401128649,0.98589164786047,98.54618801202668,0.9519136457536042,1.0258106676463767,98.02227568660004,NA,NA,NA,0.8143065621436189,1.4611778223110798,97.7245156155453,1.0592804568436518,0.9564706603031212,97.98424888285324,0.9316019824104994,0.7545144898560541,98.31388352773344,1.109991353205494,0.639373305700298,98.2506353410942,2.3121583684963705,1.453811987973335,1.977724313399981,NA,2.275484384454699,2.015751117146773,1.6861164722665536,1.749364658905792,3
151,Papiernia Reservoir,2,1.1,21.56007833306486,9.613050160470344,68.8268715064648,NA,NA,NA,NA,NA,NA,NA,NA,NA,25.232524377608485,11.952019676241502,62.81545594615001,NA,NA,NA,37.74602964314443,3.782417066354835,58.47155329050074,32.44299750852284,17.64318790224521,49.913814589231954,31.17312849353521,NA,NA,NA,37.18454405384999,NA,41.52844670949926,50.08618541076805,4
152,Pleshchanitsy Reservoir,2,1.9,4.75858857318388,8.188855287976649,87.05255613883946,8.448706842484354,7.152523159669141,84.3987699978465,NA,NA,NA,NA,NA,NA,8.428275175338293,9.20736687243828,82.36435795222341,NA,NA,NA,10.99014660695106,6.4633433357474015,82.54651005730153,7.776600196823111,10.470919305158342,81.75248049801856,12.94744386116053,15.601230002153496,NA,NA,17.63564204777657,NA,17.45348994269846,18.24751950198145,4
153,Rachuny Reservoir,2,1.2,15.695528416635202,17.437366958570717,66.86710462479408,17.805382482249485,12.390120469936337,69.80449704781418,25.397008417752303,22.856634049800387,51.746357532447306,17.14940698396079,26.79926763994068,56.051325376098525,16.06069427953566,12.254980711938614,71.68432500852573,17.644774643766677,16.89939317950062,65.4558321767327,23.453441696471927,5.7871530857071205,70.75940521782094,19.676860058355164,10.097957979875613,70.22518196176922,33.13289537520592,30.19550295218582,48.25364246755269,43.94867462390147,28.315674991474275,34.5441678232673,29.24059478217905,29.774818038230777,4
154,Krylova Reservoir,2,3.6,1.4100220383836837,1.4837622912986987,97.10621567031762,1.7897187189142676,0.3587822109173951,97.85149907016834,NA,NA,NA,NA,NA,NA,1.4112344391467937,1.420369321259597,97.16839623959362,NA,NA,NA,2.0777813801110443,0.06529172644543099,97.85692689344351,1.7827618652474806,0.23974192840253675,97.97749620635,2.8937843296823824,2.148500929831662,NA,NA,2.8316037604063906,NA,2.143073106556475,2.022503793650017,5
155,Repikhava Reservoir,2,1.1,14.125808101744353,23.599773722729665,62.27441817552598,23.241789086708305,27.14673883835842,49.61147207493328,NA,NA,NA,NA,NA,NA,NA,NA,NA,32.08493220129832,15.17464094001678,52.7404268586849,31.95122835628338,7.926289494656624,60.12248214906,36.59025049418423,7.854035399204602,55.55571410661118,37.72558182447402,50.388527925066725,NA,NA,NA,47.2595731413151,39.87751785094,44.44428589338883,4
156,Rybnitsa,1,2.4,11.158097504914192,12.168435017389978,76.67346747769585,9.64919156577175,2.723089071072347,87.6277193631559,18.04587790992208,0.3383246996345919,81.61579739044333,NA,NA,NA,8.643835938002557,6.464505670582106,84.89165839141533,6.989872232728055,7.178460234035986,85.83166753323596,14.268079548995743,0.746702167551497,84.98521828345277,10.37266557056492,4.055466666919202,85.57186776251588,23.32653252230417,12.372280636844096,18.384202609556667,NA,15.108341608584665,14.168332466764042,15.01478171654724,14.42813223748412,3
157,Sakaushchyna Reservoir,2,1.2,36.93477736882797,24.86878331631007,38.19643931486196,34.71201184640106,16.420761708519855,48.8672264450791,NA,NA,NA,28.696247924700582,45.399322872716965,25.90442920258244,30.161892862634797,23.498430456464583,46.339676680900624,39.37922876489591,34.962734651610354,25.658036583493725,NA,NA,NA,59.37550063578893,22.49256721159504,18.131932152616027,61.80356068513804,51.13277355492092,NA,74.09557079741755,53.660323319099376,74.34196341650627,NA,81.86806784738397,4
158,Svir,1,22,1.6549657210228683,4.720100976029517,93.6249333029476,1.8231565168240536,6.469998766134233,91.70684471704172,4.660126392498087,4.939081547697052,90.40079205980486,2.632237880101854,6.439286702827466,90.92847541707069,3.2342188644595917,5.983242381248409,90.782538754292,NA,NA,NA,4.618756021510912,5.078724174459197,90.30251980402988,5.150685394276587,4.781289271283912,90.06802533443951,6.375066697052386,8.293155282958287,9.59920794019514,9.07152458292932,9.217461245708,NA,9.697480195970108,9.9319746655605,3
159,Svislach Reservoir,2,1.1,2.3270427630115265,1.396950074969148,96.27600716201934,3.937810071914473,0.2363971562252255,95.825792771860307,11.212446064124224,0.33751220336468,88.4500417325111,NA,NA,NA,3.7509817405558414,2.6477920370200367,93.60122622242412,3.862254898682445,3.182364078318608,92.95538102299896,6.049090934836258,0.11407640432175203,93.836832660842,5.353250826132337,1.2602319254096668,93.386517248458,3.723992837980674,4.174207228139698,11.549958267488904,NA,6.398773777575878,7.044618977001052,6.16316733915801,6.613482751542003,5
160,Svitsaz,1,1.8,0.4434880195403785,1.173160966092964,98.38335101436668,1.0832640224386976,1.5070953014657813,97.40964067609552,1.418663268405502,2.5539391713786657,96.02739756021585,NA,NA,NA,1.2568468864329096,2.6055909201755,96.1375621933916,NA,NA,NA,1.7795463367793432,2.247554760168422,95.97289890305224,0.9246138590712086,2.988918775112518,96.08646736581628,1.6166489856333426,2.5903593239044787,3.972602439784168,NA,3.8624378066084097,NA,4.027101096947765,3.913532634183727,1
161,Servach,1,4.5,2.095845089595688,3.659580678559964,94.24457423184435,2.3743774073791983,4.43384253393619,93.1917800586846,NA,NA,NA,NA,NA,NA,2.553799596560333,5.06683791948829,92.37936248395138,NA,NA,NA,4.290066388470529,3.777862568422915,91.93207104310656,3.074996349385407,5.269135200690823,91.6558684499238,5.755425768155652,6.808219941315388,NA,NA,7.620637516048623,NA,8.067928956893443,8.344131550076229,3
162,Jurgionys Reservoir,2,1.1,15.22486919431506,12.240323135473815,72.53480767021114,19.81307438124781,3.89318845677176,76.29373716198043,24.681650171301783,9.29268149622606,66.02566833247215,NA,NA,NA,19.659067900910816,11.68578837361847,68.65514372547071,18.610078541398583,13.634788458765923,67.75513299983548,26.338365566627736,4.451828229403038,69.20980620396922,20.4366733106195,11.001879595936966,68.56144709344353,27.46519232978888,23.706262838019573,33.97433166752784,NA,31.344856274529285,32.244867000164504,30.79019379603077,31.438552906556467,4
163,Wigry,1,18.1,9.960778075396467,5.980834045948107,84.05838787865542,8.711195308675961,6.018708770082138,85.27009592124189,NA,NA,NA,NA,NA,NA,NA,NA,NA,5.956691580231001,9.23882896955851,84.80447945021051,7.848466196775529,7.145317384148628,85.00621641907583,6.728473495772444,8.125211414755162,85.1463150894724,15.941612121344576,14.7299040787581,NA,NA,NA,15.19552054978951,14.993783580924156,14.853684910527605,1
164,Serwy,1,4,2.464759583227511,4.312979285870169,93.22226113090233,NA,NA,NA,NA,NA,NA,NA,NA,NA,2.9143788106755864,6.478449308800552,90.60717188052386,2.366677817069024,5.165833011740614,92.46748917119037,3.022586132475465,4.621160835511848,92.35625303201267,3.243015643329584,4.629778260241767,92.12720609642864,6.77773886909768,NA,NA,NA,9.39282811947614,7.532510828809638,7.643746967987313,7.872793903571351,2
165,Mikaszewo,1,1.2,3.3927766987824697,10.20870183676102,86.39852146445651,5.452378056746272,0.6659929190074544,93.88162902424628,NA,NA,NA,NA,NA,NA,3.459470954137013,3.404387475141025,93.13614157072196,2.5101866300425413,2.933890337524442,94.555923032433,5.80621829483237,1.038748427352009,93.15503327781562,3.426924323225289,2.660649162669938,93.91242651410478,13.601478535543489,6.118370975753726,NA,NA,6.863858429278039,5.444076967566984,6.844966722184379,6.087573485895227,1
166,Pomorze,1,2.6,3.7903113761424105,5.549276367519237,90.66041225633836,NA,NA,NA,NA,NA,NA,NA,NA,NA,5.323257019747756,6.689769222642236,87.98697375761002,4.139231803540648,8.295646630633087,87.56512156582626,9.685866928203172,4.486137071864476,85.82799599993236,3.772341341522655,8.380887086188045,87.8467715722893,9.339587743661648,NA,NA,NA,12.013026242389993,12.434878434173736,14.172004000067648,12.1532284277107,1
167,Gremzdy,1,1.6,8.013945381489771,9.399386414790722,82.5866682037195,14.905228775965249,5.408797911605407,79.68597331242935,NA,NA,NA,NA,NA,NA,NA,NA,NA,7.556650825172497,14.385509350956864,78.05783982387065,7.9492648378615485,13.943679733386649,78.10705542875182,6.691665995786771,14.952969030843793,78.35536497336943,17.413331796280495,20.314026687570657,NA,NA,NA,21.94216017612936,21.892944571248197,21.644635026630564,1
168,Pierty,1,1.96,NA,NA,NA,9.641319913724113,4.164114307287183,86.19456577898872,NA,NA,NA,NA,NA,NA,NA,NA,NA,6.98324549046309,7.861456265855082,85.15529824368183,10.08903747634638,4.207648775911639,85.70331374774199,7.387168942366314,7.669259360178461,84.94357169745521,NA,13.805434221011296,NA,NA,NA,14.844701756318171,14.296686252258016,15.056428302544775,2
169,Krzywe,1,1.28,NA,NA,NA,13.167565919712246,3.8916963425171938,82.94073773777058,NA,NA,NA,NA,NA,NA,NA,NA,NA,8.196296234106345,9.58921784951736,82.2144859163763,12.055000545468127,4.369396329373849,83.57560312515803,9.518494896488118,5.39659474257458,85.0849103609373,NA,17.05926226222944,NA,NA,NA,17.785514083623703,16.424396874841975,14.915089639062698,2
170,Okmin,1,1.1,4.704567032644005,1.2571870034067174,94.03824596394928,5.146187517316754,1.5562582292039049,93.29755425347932,NA,NA,NA,NA,NA,NA,NA,NA,NA,4.198036607971992,1.6578620131952164,94.1441013788328,5.310891560315737,1.0950498364747807,93.59405860320948,6.141785822560104,0.1410996123980771,93.7171145650418,5.961754036050722,6.70244574652066,NA,NA,NA,5.855898621167208,6.405941396790517,6.282885434958181,2
171,Szelment Wielki,1,3,4.7707978788792005,2.4072996235838087,92.821902497537,5.59943208722868,3.318542634903111,91.0820252778682,NA,NA,NA,1.7589895708050942,4.028122227045918,94.21288820214896,NA,NA,NA,2.090267773639173,6.3027183916646194,91.6070138346962,2.455610259262661,6.0036157019974095,91.54077403873993,4.150593666148272,4.816186432595028,91.0332199012567,7.178097502463009,8.91797472213179,NA,5.787111797851012,NA,8.392986165303792,8.45922596126007,8.9667800987433,2
172,Szelment Maly,1,1.5,NA,NA,NA,7.151397160731088,5.417585601619851,87.43101723764907,NA,NA,NA,NA,NA,NA,NA,NA,NA,2.459019242093784,10.466900384844813,87.0740803730614,5.295318840490261,6.502600241314887,88.20208091819485,3.3055142872276377,8.206506448847556,88.4879792639248,NA,12.568982762350938,NA,NA,NA,12.925919626938596,11.797919081805148,11.512020736075192,2
173,Hańcza,1,2.9,1.5914303245135275,0.884524917348199,97.52404475813827,2.197899103828046,1.1843606396924429,96.61774025647952,NA,NA,NA,0.4482693046346216,3.5173465523282856,96.03438414303707,NA,NA,NA,0.8001750292875577,1.92582045896594,97.2740045117465,1.0895582001926791,1.513792035242824,97.39664976456449,2.2021776781001967,0.6436983934400466,97.15412392845975,2.475955241861727,3.382259743520489,NA,3.9656158569629074,NA,2.725995488253498,2.603350235435504,2.845876071540244,2
174,Holny,1,1.2,6.408815239068311,7.107059924385093,86.4841248365466,NA,NA,NA,NA,NA,NA,NA,NA,NA,6.790919646687378,8.051276517135769,85.15780383617685,7.252603107252472,7.688019227677263,85.05937766507026,8.059153143410713,6.434766688181637,85.50608016840765,6.935715097503516,7.790490101790404,85.27379480070609,13.515875163453403,NA,NA,NA,14.842196163823148,14.940622334929737,14.49391983159235,14.726205199293918,1
