fid_1,Lake,EM_17,EM_18,EM_19,EM_20,EM_21,EM_22,EM_23,EM_24,SFM_17,SFM_18,SFM_19,SFM_20,SFM_21,SFM_22,SFM_23,SFM_24,OW_17,OW_18,OW_19,OW_20,OW_21,OW_22,OW_23,OW_24
1,Aisetas,370706.874802683,490829.0091154662,599340.3586271096,410261.5678031775,339676.2586415908,301100.443609919,532789.7265012999,362747.3741394045,51687.93294136198,91780.9541601742,220747.9658467012,344374.80448744533,439848.03439678106,396700.81530227634,151307.72437503294,393400.0170419581,5086934.986543247,4926719.830829099,4689241.469630927,4754693.421814116,4681365.916093985,4811528.535200682,4825232.343396581,4753182.402923377
2,Akmena,61314.68068304617,NA,124297.43029580211,NA,NA,71503.67835850439,191452.2253235017,92173.14472662238,131886.3224961375,NA,86806.22272169817,NA,NA,127422.8086610981,32980.55457729264,88006.34931287581,2509189.614954045,NA,2491286.965115731,NA,NA,2503464.1311136284,2477957.8382324367,2522211.124093733
3,Alaušai,49976.468355964265,NA,186492.27921959403,92365.08760603348,NA,72000.7132044176,123919.205807121,139226.96479558,202963.35708126024,NA,132318.2780611973,214576.5581699298,NA,268745.1673548084,173707.2777039472,167665.02489562694,2339201.04559398,NA,2273330.313750413,2285199.225374962,NA,2251394.990471978,2294514.3875201354,2285248.881339997
4,Alaušas,221024.65801022048,326933.1921869174,397378.2493607038,271307.6991011678,251086.10135785217,313693.64896324096,336550.6219855832,359484.42906121834,177974.428184195,403268.774108139,553277.9477722612,584862.923903581,901174.2547172988,591033.4177908362,523726.9186765187,543394.3781843749,10176849.246663846,9845646.366563214,9625192.135725304,9719338.11662613,9374884.871821716,9664667.99227378,9715570.792196166,9672969.525612673
5,Almajas,43329.01937012014,60604.0527009552,72537.73821252557,50794.54934137379,NA,49964.0551310969,75043.98722362144,72306.11845104741,14971.58558434879,24437.98009247125,53695.80666122435,72629.80671159332,NA,74619.40857401825,43737.52642087749,71238.89562792309,992574.4451177408,965833.0172787834,924641.50519846,927450.6940192428,NA,925949.966013396,932093.536427711,907330.0359932394
6,Alnis,49643.34282219086,81443.8242331262,76324.32876513623,66030.21225253839,43019.0478957831,NA,72985.18843850539,66739.76019453167,1056.320381044874,3684.871380525477,13890.049856941372,19595.759893484657,45008.31004396324,NA,2632.220234680176,10223.156809758208,975260.6014987412,940831.569088326,935745.8860799002,940334.2920880184,927997.2421351564,NA,950342.8560287922,948997.3476976876
7,Alsakys,45250.01154131424,115152.95141555175,157853.1917552573,99285.07545489134,93714.18265922382,78883.5389183642,192644.8859516668,103365.43632836422,103468.30861150703,32698.27271653718,80191.15516943837,121727.80503086762,150975.4240640079,143678.13511648736,39296.9746315152,117541.65033922382,1125013.1338985667,1125880.229919299,1035687.1071266924,1052718.573565629,1029041.8473281562,1051169.7800165364,1041789.593468206,1052824.3673838
8,Alys,17546.017308882176,31941.75967857509,33894.663436769966,NA,21802.39404359705,20727.478430983585,26859.177031468404,32762.64187414131,11344.761128578932,1079.4293082592535,10234.387189588362,NA,18094.049394241025,9425.251519551,1958.5612790874409,6959.196066747928,1353097.182732721,1342762.370839048,1337858.9105438236,NA,1341746.8686005694,1351835.2312196477,1353170.2228596264,1342266.1232292927
9,Amalvas,151965.30502431525,139469.4253574445,NA,NA,92699.79150698798,136471.0328869388,117462.68061499504,106867.24606975488,77404.646159662,71339.08282473695,NA,NA,180389.38750730027,147888.28118856088,167058.71749161364,210036.4254220104,1666433.8035335469,1684995.2465353422,NA,NA,1622714.5757032358,1611444.4406420237,1611282.3566109152,1578900.0832257587
10,Ančia,258913.1860997821,303157.10258066584,NA,NA,230019.8079216605,226357.81446245985,475244.95894938544,240213.23409034908,201749.7395158207,84129.63929726095,NA,NA,300774.24419555685,285980.2557694679,80748.22654803407,267286.52402078966,4367158.273281681,4438006.922450573,NA,NA,4297027.146780067,4315483.128665355,4271828.013399867,4320321.440786146
11,Angiriai Reservoir,254385.3039645021,405782.00796785526,NA,NA,NA,371888.77008447045,303627.5734481805,306573.1037569224,81323.27184710036,167146.00536730897,NA,NA,NA,111137.94309432084,135977.8325589348,244741.10858531288,2323272.34814266,2086052.910638682,NA,NA,NA,2175954.210795056,2219375.517905112,2107666.7115589823
12,Antalieptė Reservoir,441339.5703354628,753432.5095714916,993310.1452514044,592030.4167850714,NA,384401.3789316507,900466.2242659137,816489.3113110964,164697.34056016518,324911.2174477671,938362.9927476324,1302110.344117585,NA,1656394.88621348,850334.7109412248,1338514.0988174304,13200613.843018074,12728307.029018885,11874977.618039092,11911434.260718511,NA,11763816.906637792,12055849.820830988,11651647.3459096
13,Antanavo Reservoir (Gavaltuvos),NA,439593.3860161581,NA,NA,NA,167464.57352691365,176180.96015170254,NA,NA,125351.83334579469,NA,NA,NA,304675.2292775472,432769.66627690935,NA,NA,478288.1589923485,NA,NA,NA,571093.57554984,434282.7519256891,NA
14,Arinas,NA,246856.9591306944,263951.357971116,179032.10982562767,NA,166395.49190446417,286257.4640347194,243574.17085859945,NA,105165.51509554998,395465.4080640599,441481.6429781437,NA,461113.48310962704,316411.2236660676,381359.497523364,NA,3928885.873550806,3621491.5817418727,3660394.5957679455,NA,3652538.292745868,3678239.660076262,3655974.679395087
15,Asalnai,64143.63389639769,123955.4020433911,174753.12975184157,104215.82564749628,NA,80885.08789990006,167520.02788944653,122279.92369915827,34549.92898243923,85866.8683801539,137342.1490419575,176077.75699510763,NA,190190.08478414503,97355.12236675186,168391.1167989993,2418240.9026149376,2307112.1950702304,2204839.186699975,2234589.4537393907,NA,2245859.292809729,2252059.315237576,2226263.424995617
16,Asavas,35651.8808274214,61691.15702151124,96927.2400009157,49139.6505977107,NA,46694.6419386022,86787.62252400725,80312.46981684376,27683.985072745538,80050.79114402326,157624.9689146154,196627.3548471637,NA,208609.8128306668,144090.59813524122,173382.10753565762,1695850.962549861,1617444.8802844929,1504634.6195344962,1513419.8230051524,NA,1503825.7728163477,1528308.6077907784,1505492.2510975257
17,Asveja (Dubingiai Lake),177483.27646316827,402421.0214333332,374335.2536040963,250696.7477444965,173285.34336251646,136629.82178397093,332782.29924006783,351542.0887325817,160505.14162430103,45876.742973761466,195336.9680427703,250707.96333606244,302049.9291906172,311282.1906738737,152777.90719559614,151219.07907466515,5716305.0470524365,5604732.667239772,5484621.243493052,5552888.754059359,5567415.379667159,5606381.452682072,5568733.258704249,5551532.297332666
18,Atesys,47286.41231393247,NA,NA,63203.09855259905,56253.6516924091,55881.78351029034,66575.20197305114,40362.18700727568,83205.50662469304,NA,NA,70132.961245189,102453.33364661723,88380.32379027727,77695.02972295423,105110.8441721898,950505.0936959956,NA,NA,947660.9528368332,922290.027295595,936734.9053340538,936726.780938616,935523.981455156
19,Aukštadvaris Reservoir (Baluosis and Sienis Lakes),249873.5860210494,NA,406366.8328478355,NA,264228.5016789157,256176.6436216916,617760.4257552798,293266.38422126137,225001.3472109926,NA,244542.9753168143,NA,328666.2860368018,333516.8054992228,37415.920559946695,271027.1485778358,2221617.8956566607,NA,2045583.0207240544,NA,2103598.041172985,2106799.379767789,2041316.482573476,2132199.296089607
20,Aviris,44883.17001381667,84425.10632927081,89369.33853533865,NA,46197.42228950049,37551.54862599091,144240.06301480485,63072.20160115563,45340.08644216202,16487.19438688989,42580.14301902921,NA,85239.26166687012,71087.4437436871,5734.575318325267,53342.22350773532,1309782.4438623905,1298623.0479443409,1268056.2187640015,NA,1268569.0163619989,1291366.7079486917,1250031.0619852403,1283591.275209478
21,Balskai Reservoir,320870.8212734596,NA,NA,200572.4701401356,NA,265909.39148653805,320166.2605416387,517929.0303606073,47325.62645357917,NA,NA,344967.42636308866,NA,224992.9150076623,178645.16686368454,87407.06380948833,2383915.422019808,NA,NA,2206571.973243623,NA,2261209.563252647,2253300.442341524,2146775.7755767526
22,Baltieji Lakajai,125369.91801980697,226974.784098786,300697.1611363279,203230.3065598879,150808.88613680654,103134.23089868878,229188.18853031241,210393.73835631725,53748.28915958778,157861.15715843652,247075.836270381,195991.2122951733,428152.6436590159,254986.17676221044,148552.57411962774,194126.8122971927,6850167.623379213,6644449.889301385,6481512.833151903,6629606.847515928,6368950.317749635,6669792.922867195,6651545.067908673,6624765.279905101
23,Baltoji Ančia Reservoir,297341.8910002916,352591.6021662095,413132.9423245448,NA,NA,239827.09230633927,387478.78125728527,286344.35796000203,91314.67056111354,39251.9259899663,114288.63020885688,NA,NA,225977.28893476,64607.55765956805,177378.12912045646,1961686.7045611967,1958499.7379664285,1822921.6935892,NA,NA,1884538.8848815016,1898256.927205748,1886620.779042144
24,Baluošai,84784.10284190465,146489.42109792368,145640.20691712317,106369.347755133,85983.4346540564,74960.59467037434,145454.69277906223,118368.65826419007,54292.257041991,21244.679647333483,119607.50318064971,118678.92496122477,154414.87036847885,150083.6454409281,68586.21295183967,117371.8421468099,2275646.40795671,2246988.6670953487,2149475.057742833,2189674.495124249,2156408.37790291,2189678.5277293045,2200681.862109704,2178982.267429606
25,Baluošas,98075.50718926816,166478.81341373228,210379.911554883,NA,NA,107579.97314174878,218562.74243433384,190689.5269980788,48419.27243496764,115435.00682738068,211220.15217805744,NA,NA,306703.3623356688,163586.8818920809,223551.0436000002,4061188.297595813,3925769.256978935,3786083.013487109,NA,NA,3793399.741742632,3825533.4528936334,3793442.506621971
26,Bebrusai,90095.05480014556,162251.92253219004,239439.3708912425,114206.16256846992,89670.30572514227,87893.26526876696,560428.4180207802,172820.53214409045,156190.85731833972,123748.60438859228,207866.7643291098,279163.6139772003,317225.9734789982,314386.1000442652,72133.89579542572,224243.2728284649,3475441.497988908,3435726.8831866123,3274421.27488704,3327899.90739595,3301783.0072116912,3319448.044794359,3089165.096291186,3324663.605134836
28,Bubliai Reservoir,189950.8265589994,358020.9709722204,348519.5973253154,NA,260666.72475337604,NA,360399.2417667781,334389.5340584711,112509.197956205,65493.62087918451,91267.27362703822,NA,143686.6647812639,NA,102707.36504631788,74212.21228440231,1262924.8468119742,1141870.279475777,1125598.0003748278,NA,1161031.4817925398,NA,1102278.2645140854,1156783.1249843074
29,Didžiulis (Alytus),553253.3556808184,NA,680982.0968617628,583000.1780274948,590549.8495718281,513274.5718653962,946928.0849509024,559580.7766136035,400678.72806773474,NA,480428.9928621783,500792.3939305779,593585.9373760751,598156.673613187,203875.62834759883,549946.5993825283,7932874.870590555,NA,7727164.786619128,7804783.302884057,7671019.966725006,7777144.630864489,7737772.163044572,7779048.500346935
30,Didžiulis (Dusmena),19333.919502243327,74547.55845169364,219200.85285755253,69796.2646614524,68556.75600870172,28369.83154527253,30042.917652085245,43690.49815524233,93811.86180018992,75095.18102023556,83595.66494873646,228090.4191890642,135685.6133634081,213421.00890513425,207403.4624535058,194560.17191935543,1719156.3739516323,1682659.4157821357,1529505.637447776,1534415.4714035485,1628059.7858819552,1590511.3148036583,1594855.775148474,1594051.4851794671
31,Draudeniai,135402.93512897863,NA,NA,19908.316392576937,NA,87079.5801197576,96508.5291376152,204814.48183879457,22140.290423404465,NA,NA,172768.006159629,NA,119063.24079725976,106721.18489077696,8043.493113888011,851815.1626856485,NA,NA,816682.0656858255,NA,803215.5673210141,806128.6742096395,796500.4132853487
32,Dringis,307106.65791352256,420487.6726219941,511029.1710412882,NA,NA,321679.41792134417,535214.0936609311,462452.4396562325,96060.8217933954,261721.72875240527,419641.756562431,NA,NA,575535.6559542496,308018.7087861752,432549.53268335375,6627096.004484168,6348054.082816691,6099592.556587384,NA,NA,6132136.908881186,6187030.681743996,6135261.511851516
33,Dūkštas,168896.95106545248,209733.1415257773,250287.22316347,248811.65766673384,NA,186112.07658149872,243702.1227581845,227099.44159740367,32395.60672257368,76295.10360228593,163134.08840896003,160044.73477054655,NA,190723.08899533137,130834.38737526692,144435.5078999987,4803925.510094766,4719189.82275473,4591796.756310362,4596361.675445513,NA,4627929.618660332,4630681.557749339,4633683.118385389
34,Dūriai,198022.4966934352,NA,376364.98210069234,200411.6650734396,NA,197161.7839895363,254270.1039126378,272698.03910860553,224615.24824157427,NA,151243.0089456297,293350.1050974377,NA,301699.21168606327,229721.03273150872,223125.05190882977,2344998.1481246785,NA,2240027.9020133666,2273874.1228888114,NA,2268774.89738409,2283644.7564155427,2271812.8020422542
35,Dusia,91418.16095579544,207999.9616036956,NA,240359.2121701557,144417.83992640176,96119.95561885454,132390.65406440277,116183.91561886636,350036.22483834665,263967.47062431794,NA,259829.44692746343,532354.0270279829,373129.9299011384,360159.89403954323,346628.4335842659,22938690.39396813,22739561.03722772,NA,22879956.12035674,22703372.912807897,22910894.894242287,22887594.231658343,22917332.430559147
36,Dviragis,NA,179709.2630237505,321197.3982032023,100622.64475715483,86230.35692756507,NA,450945.0464909725,116756.671873848,NA,141904.03411411957,100944.84156763415,288106.1630181701,327306.7396883646,NA,207525.0577466927,280912.17986210843,NA,2634574.385361945,2536693.2413701825,2570106.673365694,2545298.384525089,NA,2300365.376903354,2561166.629405062
37,Eišiškės Reservoir,237458.49784725468,312925.96474392473,350936.04452599934,NA,269132.14891056786,270173.9773797882,395645.2537188651,301851.27890568203,157588.97251767927,34908.02563232721,158730.725810885,NA,161271.0522759681,163203.86411366198,28246.72070236206,117533.99113524191,1012760.1657108528,1059973.645699534,898140.8657389024,NA,976994.2617592152,974429.7945823368,983915.6616545584,988422.3660348628
38,Elektrėnai Reservoir,486286.66277063306,738671.1777490508,979080.8887434732,699037.9852062296,666414.4659621748,832363.6410173158,681849.248729287,679904.8282713197,926327.6944512904,560001.446855448,843515.4482242948,1138077.7666749689,1171564.9394153373,926129.0994475118,1024685.6030931656,1051587.5950639169,11524253.943487162,11618061.204371495,11114271.963741316,11099347.593438422,11098310.399146272,11178375.560244258,11230333.448886633,11205375.87737385
39,Galadusys,352135.10220861965,NA,NA,NA,336470.92112836626,335314.71018021466,391154.188759672,331830.0890553489,301428.9765923295,NA,NA,NA,519004.696645026,394116.326840524,314809.9678698671,399581.3380456063,6500574.115530166,NA,NA,NA,6298662.576557727,6424707.157310379,6448174.037701578,6422726.767230162
40,Galstas,228421.2435185008,NA,NA,NA,262405.0905692761,260432.28798464665,305813.9398014901,271973.75702041946,236160.23946582573,NA,NA,NA,289731.5665163823,221889.3625441308,181436.16063323687,217499.407096414,3335631.25156301,NA,NA,NA,3248076.077461676,3317891.0840185573,3312962.6341126096,3310739.570430504
41,Galuonai,177701.47831616897,229604.88072261497,371883.51703892107,216476.133634321,248629.07370203093,167390.03847823813,263554.01548782084,446630.17930324766,133260.88996598482,327520.44036546606,464144.0497343774,524988.9255987279,516523.3904107634,555459.5065735162,400291.8526134416,438747.6236769582,4490105.222032438,4243942.269226508,3965040.02354129,4059602.531081541,4012604.449443982,4078218.045262835,4137221.722213328,3915689.787334383
42,Galuonis,164741.03384006006,213201.6942680209,285421.5379569858,197617.5116816653,179645.4136764379,163551.33857875175,250941.2416689251,159689.00396014954,26291.73962385888,60243.15734789979,184118.96891702383,294608.30774584,245390.49549191043,239893.3318699556,139229.2433642967,268784.17705933825,2103126.268731687,2020714.1905796856,1824618.535321598,1801933.222768104,1862736.1996547608,1890714.3717469007,1903988.5571623857,1865685.86117612
43,Galvė,73776.22026382142,151238.27884699497,161868.86235664188,103491.6552593306,NA,79332.74054756909,319714.8204132833,118519.98473815924,167324.79595761775,72765.60605494179,156027.31631249824,196862.54046042945,NA,246513.15551684512,64882.57200094484,160794.82374664003,3370285.6854033214,3384716.171871139,3293490.5229556216,3310974.5232885764,NA,3285540.805560348,3226789.309210534,3332071.893139962
44,Gauštvinis,NA,232904.87445961425,NA,66892.5767581866,NA,101093.42023813572,99125.54209352376,154220.9162830726,NA,52621.41065166697,NA,224291.61249356737,NA,157965.96224329335,183350.9670625575,144204.1880725935,NA,962770.4407615662,NA,957112.5366210936,NA,989237.3433914185,965820.2167167664,949871.6215171814
45,Gavys,29223.95292328477,49928.375849136726,60110.08819677321,35173.015608738955,NA,19895.620848367715,49569.33681103583,50252.35972465079,NA,15423.744190844369,18918.088107539163,31711.713579125502,NA,45360.818213115,27587.23082649381,23943.875198798098,NA,1161373.9283777715,1147697.872113441,1159841.3192298885,NA,1161469.60935627,1149569.4807802234,1152529.8134943044
46,Giluitis,60442.723716257045,NA,NA,NA,85528.74120371202,55001.90910215183,67888.2335995243,63184.51544968843,182820.40720545448,NA,NA,NA,178820.16804577704,210885.7809992024,191216.329873388,182921.77427997967,2022785.2738017663,NA,NA,NA,2001699.495473989,1999810.442203148,2006943.8412505656,2019942.11499381
47,Glėbas,90403.50055550964,85448.35643886491,111149.21420997167,126663.1872817245,135953.1387756648,99855.79514025516,117834.7210272396,66171.87639196063,52276.0045857149,39506.80347910863,42703.02081774543,58520.522203677305,58471.50541953293,53345.82450395471,34216.386252758544,74755.03872266281,1113735.247745873,1131459.5929691242,1102562.5178593802,1071231.0434016958,1061990.1086919,1103213.1332428877,1104363.6456070994,1115487.8377724742
48,Gudeliai (Alytus),171695.46239454983,151768.7115883173,NA,92167.7074538587,105454.87359758266,NA,157259.81462287158,185478.6592755188,33072.720626831055,50630.225512934674,NA,217263.80765128043,122318.43041679532,NA,103847.0752272662,92825.08645040476,931986.0358591416,934355.2817792704,NA,827322.7037753834,908980.9148661444,NA,875647.3290303848,858450.4731545991
49,Ilgai,81200.85351831785,118406.00927943816,120677.67191069368,94972.6173842637,93751.45555132708,80512.29356474042,105221.79982521207,105826.46236991136,49838.56852527696,8068.832799544989,30665.60828369741,34302.820213961146,57837.03089285459,58202.20716685876,29047.64503274057,29264.68530089434,1155125.3491385367,1145478.0934975273,1134821.4909877402,1156889.3335839063,1132952.0819600872,1147450.270450532,1151895.3263241786,1151073.6235113256
50,Ilgės,63133.55155162436,NA,290143.08804556134,83008.4703648735,78154.59292973539,88156.7082156762,71349.41815878177,90906.53933721811,315731.9084899753,NA,206515.8232477824,404714.0744879331,349287.42909625184,400550.8094879749,430993.5169066337,356833.1209158954,1073894.129189944,NA,956100.6779381996,965037.0443787368,1025317.5672055562,964052.0715278924,950416.654166128,1005019.92897843
51,Ilgis (Plungė),38423.0277607637,NA,53381.44674827726,18415.311446754607,NA,45270.97119490679,36283.47596915747,27451.21792280905,36797.96623394536,NA,87013.01833840166,120153.82830862905,NA,95709.2206115274,92113.13235858094,102019.76027193254,1081949.8665303995,NA,1016776.3954384298,1018601.720769725,NA,1016190.6687186746,1028774.2521973702,1027699.8823303672
52,Ilgis (Varėna),228246.49330278268,302966.86510063626,355051.334837117,288138.4403974198,275062.11137925705,255041.0057969936,458578.5626669491,291710.77239881025,183645.7988306383,105776.91994643866,206687.69299296977,234533.01909069,249071.79614669195,262405.61748305673,66081.24906996184,204372.35247511024,2837732.7588293203,2839125.9986160127,2687886.023132653,2726953.5914746304,2725491.1434367914,2732178.4276826894,2724965.239225829,2753541.92608882
53,Indrajai,33636.83534786747,84414.36340115119,143418.3496785481,50668.98917925965,NA,39376.26992893593,71262.87795722816,79568.14758897673,41207.19588112924,147858.2937751471,175285.91166543402,276364.0778010202,NA,291309.1477414747,224168.86897620413,269485.0021773993,2895765.263854561,2738336.6379072582,2651905.033739576,2643576.2281032787,NA,2639923.877413148,2675177.5481501264,2621556.1453171824
54,Išnarai,NA,316777.0961146633,538971.5075465938,299423.58365780686,276930.08349769434,255164.78993249053,334968.3629871739,NA,NA,194924.15010028915,266896.48557888856,498831.2406981972,502142.71516689216,564004.9984213288,393081.2289845485,NA,NA,2439470.578289944,2145303.8313794155,2152917.000148893,2155318.331904916,2132002.0361510785,2223122.2325331746,NA
55,Juodieji Lakajai,102164.28537296984,181609.8085765614,212648.67378281264,154262.53993341807,118782.94467103272,95472.08552337356,223249.2850005057,110169.13511431856,78864.390290264,86041.89733065436,116644.56341268503,114160.9975985659,219461.1655576818,171043.7040016324,69478.02261020438,128701.8160992042,3658661.158311688,3572038.1280677025,3510396.596779423,3571266.296442937,3475581.6059865025,3573174.044449916,3546962.526364211,3600818.8827614
56,Jurbarkai Reservoir,432966.2622834737,NA,NA,307735.36321648955,NA,420368.0142877458,434414.3467357552,484826.0701339857,92637.81708709116,NA,NA,295918.9493728637,NA,192482.0919076957,120706.83150579417,208466.7034231448,1654550.0643755002,NA,NA,1576499.8311567118,NA,1567304.0375506228,1625032.965504515,1486861.3701889329
57,Kalviai,90971.1421787038,131906.07479954138,179005.81481712149,110006.60811273912,81657.7974464117,123466.34120142311,202430.29556135263,92030.41231568273,112857.2848358004,48861.38633838729,54716.15235437132,111680.42209029844,130832.78894481284,84794.57245025635,29098.70699552648,115869.54559631344,1635716.3372898924,1643377.124413569,1605822.7971329037,1617857.733644164,1627054.1779131722,1631283.8506527173,1608015.7617475174,1631644.8063924008
58,Kaunas Reservoir,NA,882806.4410975293,NA,NA,636544.4485797365,675342.4390141214,730995.4895679103,853959.1128702506,NA,69531.95607896693,NA,NA,571030.988876223,1072460.640157991,550001.2393995698,851523.457029335,NA,45833209.2236754,NA,NA,45581318.19891412,45041090.55719796,45507896.90745274,45083411.06647048
59,Kavalys,88301.32756397025,91846.19430159022,NA,70102.05793854946,46675.92520695108,23073.575525022025,34036.02244976267,29273.48640564564,67589.5031756232,44758.89839357864,NA,105087.96654235246,129193.14705886842,152149.65680206873,134868.25657893158,138192.98465024156,1182659.0949104154,1201944.8329548405,NA,1163359.9011691073,1162680.85338419,1163326.6933229184,1169645.646621315,1171083.4545941222
60,Kertuojai,81053.99065511377,139699.31321589128,222152.03986656343,134091.37877521865,108251.51925723512,84834.48791176296,158442.23967638196,90208.70910783664,81460.89825998948,98502.85077061376,281264.75687658286,299526.2064065073,362670.4450735505,336316.40696654964,253437.92806166105,326796.51611841226,5253303.830253649,5177616.555182243,4912401.922425603,4982201.133987024,4942664.4021577565,4992550.284083529,5003938.551430707,4998813.493942502
61,Kretuonas,360293.8340717981,427288.5173368559,675962.9508806264,422096.7873811155,NA,350918.59505850065,751529.6954584459,373114.4142404887,212475.37133875824,451874.9163675643,711393.2151572728,842774.5606044094,NA,893303.8393627096,491008.6711371627,867110.4170492883,7980114.613344409,7673720.385050545,7165527.652717067,7288012.470769441,NA,7303691.63988414,7310345.452159358,7312658.987465189
62,Krokų Lanka,1524254.9092800235,NA,NA,244035.5060342529,NA,NA,629827.4295441709,2178771.665268485,390455.5077261083,NA,NA,1907023.0998169847,NA,NA,1395912.7303282344,169952.665065541,6068994.364396728,NA,NA,5832646.175551621,NA,NA,5957964.621530451,5634239.679771379
63,Labūnava Reservoir,222481.72664576463,335181.9450819582,306149.5161102444,NA,244726.79657320472,NA,352201.14214060194,256258.3971440332,68316.29533875408,35703.33280210308,93307.20448686188,NA,134325.87396530452,NA,43028.65386581421,117824.22546603633,803303.9980273077,723216.7421277659,694645.2994147206,NA,715049.3494733175,NA,698872.2240054113,720019.3974017574
64,Lampėdis,89968.06055595547,NA,NA,NA,103912.69519921094,82319.17419562247,109002.2624523686,86020.39227333812,40737.90271947524,NA,NA,NA,58486.839172423126,28716.515735865567,116938.563577465,39271.83071214265,1121645.7176324425,NA,NA,NA,1089952.14653624,1141315.990976385,1026410.8548780404,1127059.457922392
65,Lavysas,17774.456206467552,30630.415470018565,34436.82860067037,44138.19374997011,79445.40262470613,32670.420403289776,47066.97586475444,25641.97695113536,21860.788643900552,4340.61157989502,12741.351627260092,44204.21181166405,37055.3212988012,18011.98667298859,8154.07206289254,23258.171026626285,1504448.2749840685,1509112.492784523,1496905.3396065056,1455741.114272802,1427406.8130389196,1493401.1127581578,1488862.471906789,1495183.3718566743
66,Lėnas,NA,NA,301771.4020764217,NA,202396.0381815292,286511.2426450092,307942.9619205101,261423.01651641223,NA,NA,166873.48206706328,NA,216526.7188750922,214441.10018407783,179547.956642869,215613.20572378123,NA,NA,1882151.417453048,NA,1929541.5197443792,1849843.958767446,1863305.3830331543,1872964.0074607404
67,Ligajai,49003.15269097719,104446.67108142312,128980.2477382137,80815.82065164903,NA,57828.11259702797,107454.50541257647,93600.898368925,30542.5938529968,19567.56315310609,48590.16868969786,80239.10026912292,NA,96949.66101223808,42743.24685827518,76540.78517493444,1284704.968655695,1240236.4809651389,1186283.6873406358,1203195.7942788964,NA,1209472.9415904025,1214052.9629288164,1194109.0316558094
68,Luodis,483602.3446468286,542557.4679249191,717268.3851690404,NA,NA,484344.94375825865,719325.0177147518,658398.4393336739,909337.840005538,625917.8959978888,906714.9683849412,NA,NA,1082557.374651906,816700.0524572483,990925.8020026564,11461960.934720747,11686425.755435046,11230917.765803875,NA,NA,11269357.727182891,11318876.049185855,11205576.878021523
69,Luokesai,34270.98340674002,NA,53137.36505848002,40673.61255698101,29012.503087720623,24977.39926099588,55038.60703288059,51279.480310671934,9532.834977752089,NA,14751.293414276724,15858.60808500402,37316.1658191157,21089.605213284955,4163.5680799895645,6587.070933772068,996039.2116900572,NA,971954.3716017926,983310.8094325644,965221.926517292,993776.0256002684,980640.8549616792,981976.4788301056
70,Lūšiai,93311.2030744216,151773.09806220865,207581.73604393768,119703.18879594984,NA,114491.26189874382,188407.23283719845,160190.99011205038,41534.79963648179,97213.88130600873,165217.44083700742,206213.7995555953,NA,214399.8457497391,143382.17972615562,218304.20005748977,3405541.1981276423,3291400.221470329,3167588.0239576013,3214470.213222325,NA,3211496.0931900623,3208597.7882751925,3161892.010669006
71,Makys,57526.40436814257,NA,135053.3854181027,86627.37042599851,NA,71833.8143129088,117422.32728467455,142375.4987581588,82350.75376048373,NA,95823.252969899,104183.23318568214,NA,124478.9707147785,81591.9992422964,56426.76477782305,1625748.2199095776,NA,1534748.7396502024,1574814.774247547,NA,1569312.593010517,1566611.051511233,1566823.114502222
72,Malkėstas,40165.7597739276,72650.16732590627,76456.06185969942,49232.34486354759,49321.506134093135,52390.3567651338,136714.41744594192,78757.891513989,46343.38730884626,34081.10651758232,65934.10713061166,89819.36275389431,102614.29636834834,71223.3104197334,12681.544657523958,66124.98794383628,950586.481005246,930364.3542445316,894705.4590977087,898043.920470578,870935.576459144,913481.9609031528,887699.6659845539,892212.7486301945
73,Margis,30294.238926621976,67243.70124924598,76670.30301262348,44040.90002757051,35082.03099184223,32389.05030186971,88257.54144981218,45872.924838615865,39592.37384802127,12657.272140996596,31933.065440637933,43340.66688117234,66781.75101578653,63791.45121178717,12490.730880378274,34262.56926113953,1089759.0635328705,1079106.1814176375,1051042.3078542526,1072264.1093987713,1057433.609033009,1063465.1747938567,1058897.403977323,1079510.1822077588
74,Metelys,478672.7605037168,575526.4755936717,NA,774780.8863548131,720863.7107484272,564923.3248406516,545455.180853945,551506.83706502,639250.5688451286,517852.02101880254,NA,435837.4971249001,618228.6847154504,671517.0626156379,678926.4888756551,698564.9821933676,11760291.939684296,11773898.285280015,NA,11667596.88539492,11539122.873569263,11641774.881576853,11653833.59930354,11628143.449774755
75,Monis,77405.02982991532,89266.46601997837,100066.68539415256,85429.25744307277,98291.742474844,92367.79477404428,144309.0623673382,98943.29981955743,28591.889218857712,11886.079553327374,31869.29514299282,54296.89069960354,52379.10073638617,49720.575913044064,8524.003456115723,40141.8238241607,919040.7994007184,909388.1065118976,893101.7379123463,885311.5703068154,867756.2841928818,882949.3477624033,872204.6526260376,885488.6916914547
76,Nedzingis,419563.2276453801,467518.9119504441,602254.1864794708,453862.6691379919,NA,416241.87784378935,643559.5688753015,424002.2161058162,281447.04223786894,188295.524516102,279481.4645605948,377735.01238150505,NA,417109.4074087704,147433.22066116333,356224.9251457364,2358944.5173071767,2399343.059326785,2178219.13615036,2228357.105670929,NA,2226603.501937866,2268961.997653961,2279727.6459388733
77,Nevėža,43079.63907729505,85681.45395931171,151825.40774983398,75637.68315468592,68170.22819821238,69892.75599815529,108649.3685632144,127878.90516348448,115617.20640936456,62671.21234967104,78638.93614370305,138404.97728012683,129875.8840307647,152138.31203689566,92279.85776552686,97193.67749558992,1406415.3065094142,1399193.4703596374,1334647.8081025367,1351069.4915612617,1343019.1850460274,1343081.083961023,1364182.9256673327,1340039.5693369997
78,Niedus,105794.96752382176,126526.47283441883,NA,NA,87737.83216570682,101148.1408784456,162928.5758593241,116392.09760179718,42920.363480033135,25280.33009487976,NA,NA,113710.86352557012,84257.55915180275,31903.79767236149,103637.99699946384,1090911.635673209,1087820.163747765,NA,NA,1038178.2709857865,1054221.2666468157,1041791.6948299482,1019596.8720758024
79,Obelija,126643.79107278556,227625.71300599343,NA,267919.4470964622,199673.0083095476,140522.7055724947,205026.03019050148,202981.79650874416,354286.6410044501,232502.78752691232,NA,284087.91472980264,412521.4113501155,424065.0450831245,341156.00011355826,334722.7212649626,5227096.563182757,5205022.126318883,NA,5156019.633433727,5095832.575600328,5143439.244604372,5161844.964955932,5170322.477486284
80,Paežeriai,182013.2514674315,266177.7773165829,NA,96649.8329160054,NA,114410.9817644006,119823.20085386372,118133.47513837618,97245.99088689766,59778.77466445624,NA,278253.3295287937,NA,238509.80695455224,228707.19510459152,232051.51366321344,3688835.111668441,3642137.8020417294,NA,3593191.191577971,NA,3615173.5653038174,3619563.9580643135,3617909.365221181
81,Pakasas,29401.846056590348,67558.87014342663,101409.99361976172,53192.60374752865,NA,53033.17480588424,80134.25006639068,42121.07549869313,36925.33082136263,35229.06471185123,57445.62497856288,98758.42220948162,NA,95328.45153507905,54958.37845055075,92316.1693638222,1356251.45302812,1319790.6950507965,1263723.01130775,1270627.603949064,NA,1274217.0035651112,1287486.0013891328,1288141.385043559
82,Papis,428490.15731530346,440520.8751457519,NA,NA,617893.9936812458,585748.344523546,504824.78852353647,590666.4854782408,42702.39858328128,NA,22638.084424725697,NA,144670.40286871218,35482.64385450775,96837.02282586187,125596.3546281702,1202849.1451205232,NA,NA,NA,911244.402689975,1052810.7126410543,1072379.88966971,957778.860912697
83,Peršokšnai,70932.48112510226,111256.04859367848,124620.08984442343,91237.1888067808,NA,45829.857928377016,102247.45245549855,74026.23415089025,15548.185824824312,28945.947551009227,66433.44849579746,75688.21639556882,NA,202650.47924204808,84343.4495398129,113349.04295379044,2015511.3176274025,1961789.988432642,1910938.4462371084,1935066.57937498,NA,1853511.647406905,1915401.0825820176,1914616.7074726485
84,Plateliai,363650.9748480708,NA,432521.7604666021,181953.02048218696,NA,353252.394732128,368940.7175941168,516220.55390131386,270216.25516492064,NA,537148.5490020299,697014.549119209,NA,526167.8211040722,523687.3628696965,447279.6819277295,11387599.355999198,NA,11051796.276543552,11140875.291030848,NA,11139806.76580587,11128838.505548377,11057966.350183146
85,Prapuntas,43148.98294263349,NA,NA,NA,44300.90181973028,54223.31215195001,58177.97068686396,45896.3590470258,68324.52092274683,NA,NA,NA,88716.20338230506,78087.50359860591,65762.02449301924,76431.9863570419,1169733.3855244357,NA,NA,NA,1148189.784187781,1148896.07363926,1157266.8942099328,1158878.5439857484
86,Pravalas (Vidugiris),211736.1604808884,331324.4259477651,NA,297453.1704470765,316494.6502843369,280276.7666282355,407442.2933889948,372691.5079762625,298909.82385141694,73023.86404510199,NA,270470.142613654,202839.85050190947,401234.0066288516,200846.4830778982,235681.452604062,2147923.7125695166,2254221.4069089554,NA,2088466.6356988496,2139235.196115576,1977058.9236447352,2050280.9204349287,2050196.7363214984
87,Rašai,123061.38179316804,122289.0308843276,276668.61997952906,126407.07134062811,NA,NA,186501.8511988021,166065.44333181903,160028.6076078228,116460.9337352378,119669.29761186488,270827.3163957336,NA,NA,181763.0953094183,251059.42570907,1454536.549838616,1498876.5746200406,1341288.6216482124,1340392.151503245,NA,NA,1369361.592731386,1320332.5398314383
88,Rašia,61563.387544818914,95577.42110215726,98058.88748252716,78049.54975080282,NA,53094.24178433884,89231.05711464968,65235.26721604287,8478.102310075948,18055.57903223973,44009.51136517989,48418.791438173765,NA,58898.766157157705,25414.102201633832,57873.69670253081,1766232.2245161312,1722640.71423663,1694205.3155233194,1709805.3731820493,NA,1723823.19106393,1721628.5550547426,1713164.7504524526
89,Rimietis,229683.08342551443,260283.0837351781,NA,NA,94479.18693114644,133565.99530545404,121109.34499284346,147489.89492971372,101262.81084647083,44927.13223102046,NA,NA,257306.0779583351,225546.0358648412,232597.0375565323,207392.1675192889,1053643.7104349772,1079379.388740764,NA,NA,1032804.3398174808,1025477.5735366672,1030883.2221575868,1029707.5422579596
90,Rubikiai,126479.23331286867,237680.1396798677,510072.3941526385,182137.4604142879,184547.1197471617,194672.79763544147,471129.1750299795,435654.4691969192,655592.0531336163,488003.787225671,451585.8201001034,761471.9479706095,752760.1840449763,796782.8433876937,452540.63139376167,517837.5008802375,8355668.7562705185,8385719.535412907,8176081.828464256,8194130.634332098,8110241.564425349,8145943.805311722,8214070.236293256,8184248.072639843
91,Samavas,99349.2017513498,153205.7722326242,203017.9979450449,102390.57331786804,NA,67817.03328107951,208681.7096400689,80830.97237590713,34274.9741205552,133155.0992875791,354628.36117276986,381245.6184664412,NA,478661.9537136902,263357.7627360923,454671.3916533681,5022579.23733947,4869842.541691169,4598557.054093561,4671775.163747077,NA,4604633.043407921,4684163.940835211,4620701.049182102
92,Sartai,419705.27986860153,663870.7123363868,1484156.7830596168,600291.2495841827,648433.3823957106,NA,1039645.0380043024,528456.2205701639,337024.94818086765,733320.971454351,524972.8541151456,1349206.578183927,1123065.5175602634,NA,793850.3057336698,1366268.8759648048,10787075.118416626,10146613.662675358,9534000.34942042,9594307.518697985,9613888.504691612,NA,9710310.002728123,9649080.249931129
93,Seirijis,122008.74854823088,172198.14931686965,182695.2729030084,NA,158856.24430459685,145263.8964547996,174920.40596186297,158246.9724174347,305476.2880320831,165922.89311752317,339890.44058016606,NA,392991.16183127614,332303.8503134335,294704.586792052,290152.1780534632,4652528.497225907,4731632.770912842,4557310.578608569,NA,4528166.127670348,4602445.787037987,4610388.541052306,4631614.383335322
94,Siesartis,123080.7592883989,253157.7700469974,246645.64791943465,171084.4043103688,124618.18569837086,117280.46487024348,569905.4458151868,225802.2446566417,55262.11961550247,66605.05321668739,222019.9097735835,231666.55591441164,394622.4415097105,268999.1350413605,40416.2589746363,218811.2271080168,4930921.104461331,4789501.160101549,4640598.425672209,4706513.023140447,4585563.768640363,4722584.253975169,4498942.278575404,4664650.511600568
95,Siesikai,40409.75663749848,NA,213886.53453804489,NA,83144.49077001835,101694.16306203208,174723.18992168966,108268.3043413049,112456.79203968424,NA,96230.65514529355,NA,165250.35515730618,183519.46325382908,118679.21880837236,188146.27123906752,1034984.7168211244,NA,877734.0758149689,NA,931979.7220497729,902637.639182446,894448.8567682453,891436.6899179346
96,Simnas,150294.4122023638,147114.953672222,NA,NA,125110.08944199508,77849.77223777022,89604.00259556483,98759.92805561736,148902.39804793714,124196.55688270116,NA,NA,116006.00406670664,238428.4872403014,190703.56799795112,192644.3493132049,2123276.5645947624,2151045.174531839,NA,NA,2181357.281336362,2106195.115366992,2142165.804251547,2131069.0974762407
97,Skaistis,84398.6468791736,NA,167109.41654923395,123351.49597616756,NA,84634.89049358,141502.2600799711,129624.7538434946,181566.79753219016,NA,166695.7241056855,211363.43795577408,NA,256579.22755441137,174290.73485291435,178542.5033810485,2591512.7212413703,NA,2523383.151786908,2522647.293160307,NA,2516264.047604744,2541685.170719849,2549310.908428191
98,Šlavantas,106466.24629450782,NA,NA,NA,96853.8840314529,90062.28789608531,120980.4994703854,102768.70447580676,81585.90907332479,NA,NA,NA,117747.4336986018,103828.09488277056,75581.526303325,95814.97100628124,1683958.7188477155,NA,NA,NA,1657409.5564854925,1678120.4914366924,1675448.8484418374,1673427.1987334602
99,Snaigynas,68576.636490302,113539.20401298668,NA,NA,88968.03763429228,82082.89619433835,177750.4395961689,124977.51129808614,145137.9345226363,24086.5443515254,NA,NA,218008.81974449905,137787.14367366122,48664.15274041868,95314.53667165716,1816540.6317726583,1892335.6145697045,NA,NA,1723278.345406806,1810385.162917597,1803840.610449009,1809963.154815853
100,Spindžius,50385.50055455229,86539.25860396736,71252.91874684353,NA,53670.312870504335,54858.10814177567,83513.54682995664,62285.02672348019,39532.48474438237,3187.6325019836427,51810.64282941631,NA,57631.780238162784,50588.58102704218,29278.47353330125,38622.71343425675,1013368.7703652928,999266.8925428952,980223.1940879674,NA,986464.897045001,997840.0664954096,990494.7353009692,1002379.0155064904
101,Stirniai,331325.586066736,519068.2292737629,610624.8882352943,457198.8126827168,421797.9924965508,405898.4187568224,697671.0969603732,487253.3011001599,129801.324578663,279510.20801539696,477488.57046550687,506326.66525656,862659.7172677274,544828.613819152,277668.8037414402,450254.2958022471,8092835.23761122,7755383.710967463,7465848.689555822,7590436.670317347,7129581.21889548,7602892.323886827,7578622.24755481,7616454.55135422
102,Suvingis,47066.62353829774,NA,74103.64425760899,56751.27295696784,NA,36799.99332547655,103400.338388271,45801.25885651528,69614.56223923925,NA,67922.86746823181,74945.4120289073,NA,92575.65977519908,30005.404785260973,78172.8915145874,956936.74017147,NA,931532.98038909,941921.2409631318,NA,944242.2728483313,940212.182775475,949643.775577904
103,Svėdasas,21111.163052876807,NA,82091.62472486301,40780.35082051894,41685.616401343264,NA,72297.85012216009,86414.98092409012,86417.98345999616,NA,75790.03054091506,109543.02021761132,115994.41929583078,NA,73927.40742191987,60659.30330385692,1058400.3296039808,NA,1007991.3374602674,1015606.1050787234,1008249.4404196796,NA,1019704.218572774,1018855.1918889064
104,Tauragnas,111127.96537308051,179096.77508163452,214454.59514809385,129497.43484648172,NA,83986.4775693258,175377.04177178763,163010.23961229506,51346.63939737057,145700.12913513184,177126.0893111734,228535.7802080194,NA,264766.83241304883,159754.16698282285,258556.55676659985,4817486.789930079,4655164.490483765,4588380.710241265,4621928.179646031,NA,4630468.98544829,4644830.185945922,4558394.598321637
105,Ūkojas,41595.18991805428,84039.36294754627,109383.0974998624,63144.03157258867,NA,48309.99416743253,94198.1661762762,77525.29026172115,33881.84200224036,30171.097571982584,70455.24517322621,114487.4956525764,NA,127944.413343407,68352.11758879121,86339.9950790555,1789940.459316494,1751207.0307172593,1685579.1485636989,1687785.964011622,NA,1689163.0837259474,1702867.2074717197,1701552.2058960106
106,Ūsiai,48624.79087989659,88778.82174681127,102914.06413500918,61239.376010520784,NA,36751.83672959576,101089.21567141965,76423.1139277739,13905.669090046602,33367.1827141257,70861.72770343859,84748.99169142485,NA,103459.17313788927,48308.17909509996,79426.20096568688,2521347.727333938,2461732.1828429447,2410102.395465432,2437889.820332754,NA,2443210.716849848,2434480.7925373605,2428028.8724104194
107,Utenas,45382.29072044226,73491.29425572416,84603.83492557304,63579.55716971607,NA,36724.648004584255,79335.54055949196,108801.01286009252,13228.682488086177,29079.68517993104,86613.61467564909,105087.24056234928,NA,132596.69450077738,57906.24300816852,106617.99205413523,1932895.4840975744,1888935.4778704487,1820289.0077048813,1822839.6595740381,NA,1822185.114800742,1854264.673738443,1776087.4523918757
108,Vaitiekūnai Reservoir,190230.84139627183,286963.6055195231,NA,130636.0751954022,NA,NA,208060.3871569016,182419.34082058168,44363.2594531639,44087.06120273366,NA,206226.7482705509,NA,NA,66192.959652695,125721.51028087844,1158984.3408221228,1062527.774949302,NA,1056715.6182056058,NA,NA,1119325.0948619624,1085437.5905700985
109,Vajuonis,52791.96753209438,89690.34806228342,108359.08683966828,80714.52915607528,NA,62648.90833589144,177972.7886079229,80120.98227877144,31513.71353029738,65805.00446473664,154897.6160729652,158170.4650921392,NA,180190.7644093233,98200.11650107888,164073.12929084632,2228697.62096755,2157507.9495029226,2049746.5991173089,2074118.30612986,NA,2069706.966870177,2036830.3969209408,2068809.190460325
110,Veisiejis,415073.55409934814,NA,NA,NA,356168.4040958775,373815.30987103,655821.9292386827,371216.5016013649,241911.1897358016,NA,NA,NA,566224.6043092925,554552.0066149851,290011.67188788054,503732.1380760642,4907771.6379504185,NA,NA,NA,4642363.37338041,4636389.065299567,4617921.916797936,4689807.74210815
111,Vencavas,36576.57854591808,62847.416300306046,70554.50018766822,46545.07778770588,NA,37583.03255978743,70663.29684038351,69925.65174096805,8942.248248021744,4588.020939576392,12141.567464596616,23638.90521602256,NA,28488.70883150288,6970.069037628175,9634.336399601954,2224306.181149308,2202389.570703364,2187128.9402909824,2199641.0249395184,NA,2203753.2665519565,2192191.6420652354,2190265.0198026765
112,Verniejus,41506.349062856105,58602.03229307291,66885.61743418376,NA,60419.419187882384,48980.90571829109,43438.871030470975,51338.59275726621,49135.650760381344,12631.156758611343,48739.18201518339,NA,66986.06255045871,81440.1958585103,69455.4291479372,58186.43112896187,950693.0890334036,961440.2819804028,924954.6544890612,NA,913580.8018891134,910913.9872798396,928440.7886782328,931810.0649704128
113,Vernijis,152018.15052802896,158343.14584376017,NA,NA,147015.953277199,151131.69287502818,207818.5766645544,155417.4105384677,131614.22933286784,77405.54072297041,NA,NA,160386.12762347952,167568.41379995912,105132.94202171775,152482.0060861027,1471751.0047651548,1513408.984520198,NA,NA,1447981.303725373,1436683.2779510643,1442431.8659397797,1447483.9680014811
114,Vidinkstas,26171.38671124026,51068.0149580562,69701.7932167202,29734.08690314198,21922.27277196246,22251.286731794746,52521.25791830915,50369.37446347394,49817.02880759147,33725.73082626943,55230.71043237423,95514.29007876528,93844.504756374,95429.15314636228,61917.88974533083,81371.97232441623,1052456.858580242,1043651.528314748,1003512.7704499788,1003196.8971171664,996310.2092517036,1010764.8342209164,1014006.1264354332,996703.9273111832
115,Vievis,46762.76452716,NA,86298.91082630533,77464.00876841827,63750.18402874512,85744.71388419661,55350.02236667699,61803.1473625781,29886.99779118557,NA,34071.16307027481,30252.54791425816,58071.306072713815,16446.983775509107,40945.767732388376,26214.12302798103,2893653.231084667,NA,2849932.9195064325,2862586.436720336,2841136.814031534,2868111.295743307,2874007.203303947,2882285.723012454
116,Vilkinys,53410.65540753533,75927.84542640237,NA,NA,38449.90148441089,48741.682245007694,119413.73243098515,55742.95399436204,84674.20198739739,27369.60222235287,NA,NA,127739.46261628078,134771.59742955206,58633.27019348144,113334.98030948995,1233476.9215021916,1268146.6586790946,NA,NA,1205372.4147964327,1188048.4992225647,1193514.776272657,1202483.844593272
117,Vilkokšnis,151787.3693766276,228570.837869113,215442.21473828488,189964.5630667144,183517.3056524392,181715.6000736615,202088.07707619792,200218.64568399187,186734.9253790464,60286.05065639719,199081.4283001021,203638.9694955416,237346.10011104497,227958.89729333,188387.42258794443,189907.1948205985,2717621.377061014,2743840.263794258,2641620.028778301,2662540.139254432,2631032.618729597,2646469.174449696,2665668.1721525462,2666017.8313120976
118,Virintai,82006.51839973585,150601.46044851572,143571.92122330013,101118.52862693903,90344.06789336844,87236.62489443006,191133.6437133343,115202.8611023245,110373.8544477874,45372.24207009708,170110.04985011992,214032.23282300183,191638.37738402133,236763.1808289323,103462.913785179,163757.11153812785,2449317.2958596046,2445723.966188516,2328015.6976337065,2326147.468098585,2347273.60785204,2317355.436851561,2347101.111208613,2362737.6957203294
119,Zaduojys,33323.4029112872,63666.32891257791,71586.38693669636,36211.77167834115,27110.39650153366,NA,77182.88238903876,51711.90554616588,73016.05569294948,32610.180358108824,74737.35976118204,97237.97998652744,106889.98953796098,NA,70494.68196491917,96944.40169746548,1189746.707910859,1222800.2112215674,1172752.973794376,1185626.9688273862,1182822.2227279064,NA,1171399.1561382967,1170420.4132486233
120,Žaltytis,118507.76927801412,NA,NA,NA,120953.6119026485,113427.37128076004,153026.07909830127,113906.142362677,43372.097874944375,NA,NA,NA,81339.80074561623,55131.394669671165,24460.063090589927,43770.73073972818,2270294.126459458,NA,NA,NA,2229880.580964152,2263615.2276619845,2254687.8514235243,2274497.120510011
121,Zapsys,118108.60981427372,153421.59197441526,NA,NA,148611.85632840294,146046.09795433455,237213.63747639328,138067.99883415375,140249.4657333524,105533.61624827668,NA,NA,165176.16248501046,169533.6963640699,83034.71204235601,167631.84338751403,1635170.4851437286,1622710.043157749,NA,NA,1579740.5418779408,1577948.7663729498,1573280.211172605,1587828.718469687
122,Žasliai,70153.37425887167,NA,160200.40390364692,85500.53611972289,83815.76994332705,194888.48229233964,78188.47781001078,96049.61055697272,74987.55890296488,NA,64680.49399022121,133837.4108947754,137314.09295459822,23326.28906275432,121862.69562883567,113837.8614031474,914826.0698889936,NA,835086.1051569621,840629.0560363322,838837.140152905,841752.2316957362,859915.829611984,850079.5310907103
123,Žeimenys,242083.87308765537,325005.212430498,458008.2322995352,277389.4762568612,NA,244777.87604869792,566884.5432056785,277090.8030659549,71253.38452007818,120519.1773612378,214944.0138828801,311051.48682669824,NA,382438.5772302068,120427.76109490494,320977.9316555847,4021331.59627898,3889144.464094979,3661716.607704296,3745485.9145649015,NA,3707452.400583663,3647356.549586126,3736600.1191651714
124,Želvos,83934.26278007367,118747.55915905836,139227.2544631211,83576.05851456897,69535.18966778023,68477.40195801674,144018.51868251746,105396.657884007,45927.28272654215,12793.89318820729,102440.76498914244,147051.78933219175,123033.77282746254,156172.55088493493,74581.38753069709,103298.35265787164,1315198.716242606,1313518.809401956,1203392.2422969588,1214432.41406057,1251920.9049020202,1220410.308906271,1226460.3555360085,1236365.251365452
125,Žirnajai,50743.03798490038,NA,116187.40623323024,NA,NA,75087.49737981145,108965.55317141958,115218.41718262316,130657.02446060177,NA,139551.91425775265,NA,NA,171598.60165273622,120363.72857739314,113858.66903388825,1773647.6809288473,NA,1699308.4228833667,NA,NA,1708361.6443418018,1725718.461625537,1725913.3579635022
126,Žuvintas,3675373.321397717,3813588.0840379633,NA,NA,3526982.926864374,3477446.581110626,3653457.82578393,3479834.2289613653,1723736.1259042176,1940533.02,NA,NA,2060313.4517364951,2407341.5612660125,1675726.803357831,2459378.593419617,4554511.974242013,4199500.31,NA,NA,4366325.042943079,4068833.2791673103,4624436.7924021855,4014408.599162966
127,Žvernas,72130.9980557012,106292.81652042158,132966.29945573982,75546.51386525776,67399.8648932962,67227.00563106165,89725.28020950017,80226.12711042516,63780.62311229332,45035.91575637518,121711.48471356556,161002.35899610334,160693.5597693948,189261.62451906395,148913.28433670348,177667.89646717143,1677786.143452125,1662369.0323433222,1559019.9804508134,1577148.891758758,1555817.545584869,1557209.1344699934,1575059.2000739155,1555803.7410425222
128,Batoryna,295820.4880219703,307681.9747122672,533706.7064462255,321591.0169535321,346305.77030832594,NA,335536.74508451554,629848.816216383,NA,580925.8630047367,897601.135162638,739211.7023234797,715349.2257523338,NA,754369.1113713443,497653.4213915808,NA,5042323.677604527,4499623.673712667,4870128.796044517,4868410.829311835,NA,4841025.65886567,4803429.277713565
129,Belaye (Kan'),293657.4938107207,433361.0769593947,633562.9634179081,NA,385272.55051686993,303632.9287169213,723139.8853523268,435071.6298153765,501057.77506253135,188672.49063146263,150909.0948375925,NA,519502.97514663433,469555.3185763493,104083.90411502616,403317.4071385251,6531987.302649185,6704669.003931579,6542230.513266934,NA,6421927.045858925,6553514.324229159,6499478.782055077,6488313.534826359
130,Belaye (Vilija),36645.02046249984,108587.86468818516,NA,136301.52084203964,130516.24367376586,127080.15148450067,159220.6303422514,163536.64010382243,85647.58013951918,56346.72781297273,NA,43268.555977974655,78920.17950831394,199814.7590444528,38882.979645134415,28583.55231939577,1553929.8940464244,1511287.902147286,NA,1496652.4178284293,1466786.0714663635,1349327.58411949,1478118.8846610573,1484102.302225225
131,Bershtauskaye,49639.30970426072,102145.8541142632,137024.0560578139,NA,NA,53183.25443620875,134019.7964734244,68350.3220099805,78515.74469789997,39557.5543518964,30474.08085814831,NA,NA,103778.84311340928,28733.91904090433,75445.82510501647,1484765.6820027067,1471217.3279387087,1445422.5994889052,NA,NA,1455958.638855249,1450167.020890538,1469124.5892898703
132,Belaye (Narach),9807.373041579294,14385.256091966805,20148.67234102137,23110.12854497574,28691.02872055657,41034.41874914736,32770.2467628629,17862.65247808719,NA,28663.59460471658,41889.03850449207,38865.654853013,68897.27113753678,17466.373381461348,48605.00595792884,29451.69404020124,NA,1897788.8747370688,1878800.01458824,1878861.9420357645,1842960.7723736032,1882336.933303145,1859462.472712962,1893523.3789154647
133,Babrovitskaye,60796.82562336633,119677.7299966999,NA,NA,88817.0349308387,169777.8761177809,168499.74351486482,199277.3755490767,52282.08748527979,85265.02984120986,NA,NA,116095.85526797731,107781.9154359706,48675.5944286122,42138.08237970391,9753049.208088754,9661185.361359488,NA,NA,9661215.230998583,9588568.329643656,9648952.783253925,9624712.663268618
134,Vialikiya Shvakshty,NA,139164.5070110248,237064.1874520993,147879.2243454429,137050.77298751535,NA,214756.13177391488,214764.32929382307,NA,196459.08080196008,225118.5391969568,271293.8692532112,181651.5068579281,NA,164733.83968983073,176184.325628333,NA,9006823.996006923,8880264.857170852,8923274.490221256,9023745.303974465,NA,8962957.612356162,8951498.928897751
135,Verauskaye,NA,139306.70181718728,NA,NA,NA,79799.21901598168,151751.41445141955,103448.55374550915,NA,23136.37595373416,NA,NA,NA,62139.04562985287,20875.449534906125,51502.02321086213,NA,1172999.7196262723,NA,NA,NA,1193504.5327513595,1162815.933410869,1180492.2204832183
136,Vilejka Reservoir,419782.14602587855,1074744.5165791532,NA,NA,2121115.2138262,NA,1775496.829267152,1106452.514841478,2141250.006034135,1862698.8532757163,NA,NA,1356264.785510733,NA,1380583.4764672224,1773373.850855256,50961217.172082216,50584805.954287335,NA,NA,50044869.32480528,NA,50366169.01840787,50642422.958445504
137,Vishneuskaye,310190.9672632703,364044.15019125823,505033.9961583153,359869.6995420416,352220.86577067606,NA,531417.5316258892,543960.0191317684,312993.4491520749,348384.1554901122,299693.0849517822,386098.6329288704,362544.5356906367,NA,230053.1739126767,273452.40414463123,9491841.652086444,9402597.76282042,9309951.73861621,9369057.736030877,9400260.667040478,NA,9353555.362963224,9297613.64522539
138,Volpa Reservoir,448890.18239010137,518270.0208995452,NA,NA,511501.73312084784,537582.3495499266,812545.4390244135,677436.487627382,92607.25306911096,38463.04985184016,NA,NA,177045.6409531537,350720.1889474011,47486.94198568008,120657.25269236848,658006.3037676045,642770.6684754316,NA,NA,510956.3651528152,311201.2007294896,339471.3582167231,401409.9989070665
139,Vyhanashchanskaye,98322.41037313426,187109.7736666061,NA,NA,151767.36214268993,NA,329278.4806041939,397795.68316527735,120506.69975131156,148995.90674589569,NA,NA,186594.61417261747,NA,60637.87439802583,36886.59124069215,25080346.153695155,24963069.583407104,NA,NA,24960813.28750429,NA,24909258.908817355,24864492.9894136
140,Hats Reservoir,109632.56262993898,145384.522327019,NA,NA,137611.67198773538,151604.0075851738,217219.51853191905,220321.0809772566,94893.14832887836,60975.24642344457,NA,NA,82408.60507597082,127805.64100023155,35333.52195932725,47635.03092132269,1040021.5623075296,1038187.5045158832,NA,NA,1024526.9962026408,965137.6246809416,991994.2327751009,976591.1613677676
141,Hrodna Reservoir,827110.5861346079,304641.67666340224,NA,NA,251988.44010617107,242783.724906562,368260.3959405186,313799.15249173006,147210.4577695959,30095.726884520293,NA,NA,188210.07095854505,148577.99494712678,138280.55565457811,91652.35994346467,10310991.437970413,10950575.078326697,NA,NA,10845113.970809909,10893950.762020938,10778771.530279534,10879860.96943943
142,Hruda,86523.2336869483,209283.65275109964,247241.2011916365,NA,NA,127399.32334982176,201411.67545631225,160744.75487186204,135469.88369085273,14545.502186749029,30080.05275880405,NA,NA,97910.02521462544,31030.853068482644,70715.93861329323,910156.0491614256,908320.0116013784,854827.912588786,NA,NA,906839.8179747786,899706.6380144304,900688.4730540704
143,Chamialy Reservoir,262785.2485761603,319557.76163050364,NA,316137.4580127046,357879.0948304722,349004.7059646012,440692.9207072841,503059.9532275783,102800.29290162628,108254.0025700588,NA,121958.74960752,133191.43910465614,105977.79678919177,23796.233879089355,6902.494201660156,1011075.5810193528,948849.3582965776,NA,938564.9148769154,885590.5885620117,921678.6197433472,912171.9679107666,866698.6750679016
144,Dziahili,23836.340336952973,34576.73683733475,NA,37275.00556278602,25168.75408281815,NA,34667.34451910282,31283.437139159578,90100.09683887256,20628.124525272146,NA,14638.085783625584,30973.27872805128,NA,12533.330749407003,11603.317056573607,1194088.7291150112,1252820.30492823,NA,1256112.0749444251,1251883.1334799677,NA,1260824.4910223272,1265138.412095104
145,Zelva Reservoir,NA,NA,NA,NA,831690.5533236783,NA,1149235.643477439,997998.2133800128,NA,NA,NA,NA,463006.4120283533,NA,245596.2769106397,349081.41292513674,NA,NA,NA,NA,9699484.454805022,NA,9599349.499768982,9647101.793851906
146,Losha Reservoir,152580.00922420726,174186.81707108428,NA,NA,161102.15541143971,215506.29644416337,198759.4904595916,166753.73470277962,67360.95436443255,27021.2917285246,NA,NA,64134.43822628844,34554.69717824599,18571.14950794893,66245.745764594,2252031.5981769483,2270764.4529659795,NA,NA,2246735.96812786,2221911.5681431787,2254641.921798048,2238973.081298216
147,Malyia Shvakshty,NA,161420.62966775332,194577.37274709973,167940.24620590205,143194.05871040508,NA,202312.47736186624,224590.0601710003,NA,89725.35978498272,175539.59312575098,113815.69627722946,109701.52338116216,NA,90710.9517636916,83608.19286151961,NA,1789924.730221857,1670953.753801742,1759314.7771914613,1788175.137583026,NA,1748047.290549035,1732872.4666420731
148,Minichy Reservoir,447302.6479565189,605315.518602931,NA,NA,609659.5967270635,NA,1320764.023108899,1433622.472197695,628659.3453915913,547012.9312889995,NA,NA,744817.8832280774,NA,218096.064743416,146962.34343346988,2328705.991723812,2252339.5351799903,NA,NA,2050190.5051167803,NA,1865807.8972196088,1824083.1694407589
149,Myastra,NA,435579.1396065356,739349.3621203589,440525.48908161855,538470.9653530649,931626.2540860388,898486.2565005181,567996.0026737456,NA,1093980.120535592,673780.4661168115,924762.7941572304,912125.4787283958,530338.3123938765,452101.9189638623,753305.1748481002,NA,11755044.332962334,11871473.764867298,11919315.309865618,11816760.093965482,11822639.026624553,11934015.417640086,11963302.41558262
150,Narach,356819.19910812384,372247.16356714274,757280.9391170441,NA,647458.3044941325,842695.0309256606,741122.2932565591,883037.340747221,1482584.4784135714,784311.6403362056,816068.6310327421,NA,1161788.1512676624,760906.2052039653,600242.9359054564,508644.0556315107,77714129.61777268,78396974.49139105,77980183.72514461,NA,77701141.22792983,77949932.05916473,78212168.06613235,78161851.89891562
151,Papiernia Reservoir,246695.220007848,NA,NA,NA,288716.16589356976,NA,431898.4812294304,371220.0059962104,109994.66178407856,NA,NA,NA,136757.6721206366,NA,43279.25881952024,201877.28699061068,787532.3988363979,NA,NA,NA,718748.4426141181,NA,669044.5405793734,571124.987641503
152,Pleshchanitsy Reservoir,93970.3863807378,166841.1198395821,NA,NA,166437.6448119368,NA,217028.28625613937,153568.67146323697,161709.6926100189,141244.6893809898,NA,NA,181822.78405576223,NA,127635.08784815468,206774.8278159944,1719073.2524968616,1666667.522267046,NA,NA,1626492.9026199188,NA,1630089.957383323,1614409.8322083857
153,Rachuny Reservoir,158900.0265781327,180259.9870842577,257116.8810289121,173618.95396031378,162587.59912604518,178634.00870837038,237440.39767200235,199206.64683917176,176534.23316623466,125436.39307437968,231398.3742115096,271313.21910434787,124061.13064669442,171087.8381470026,58588.58362206852,102230.75953826903,676956.1635670232,706694.0431527529,523875.16807096894,567458.2502467287,725683.5909614414,662668.5764560176,716361.4420173197,710953.0169339498
154,Krylova Reservoir,46415.57402231552,58914.55552858835,NA,NA,46455.48423352709,NA,68397.09793563544,58685.547507761046,48842.9801723106,11810.51204548256,NA,NA,46756.18931851851,NA,2149.2947481491988,7891.904467519123,3196574.6766903293,3221108.163310884,NA,NA,3198621.5573329106,NA,3221286.838201172,3225255.778909676
155,Repikhava Reservoir,130226.47486886434,214196.81764367776,NA,NA,NA,295792.46630609594,294559.8444067117,337327.20295399707,217567.39985972384,250184.91678447355,NA,NA,NA,139895.71306544286,73072.827568129,72406.7137374878,574110.7266285765,457220.3713502472,NA,NA,NA,486216.4219856262,554271.9293823242,512170.68466567993
156,Rybnitsa,275012.7989982902,237822.90658464644,444775.41016319057,NA,213043.9812293409,172278.86084669534,351664.2950441537,255654.3165515377,299914.5124952877,67115.77372642967,8338.663699236102,NA,159330.19027877512,176926.97528326002,18403.91276613123,99954.78519725424,1889765.2481221675,2159753.87930467,2011578.4857533176,NA,2092318.3881076293,2115486.72348579,2094624.351805459,2109083.4578669537
157,Sakaushchyna Reservoir,425126.7878520298,399542.3053124081,NA,330299.64095382765,347169.51181763376,453262.91981495946,513418.2327570008,683424.0696873064,286244.7460688873,189006.3018254,NA,522555.4254951179,270471.706374823,402428.17571459,NA,258894.016165954,439648.7730562846,562471.6998393937,NA,298165.24052825634,533379.0887847452,295329.2114476522,NA,208702.22112393845
158,Svir,367156.48502471054,404469.8508639167,1033855.6287334962,583965.6951986726,717426.3164867623,NA,1024677.5534399294,1142686.836837858,1047161.0748829256,1435378.3736498514,1095742.224305441,1428564.858984061,1327224.8175275468,NA,1126722.1384814992,1060735.7846940584,20770823.82161812,20345293.157011986,20055543.52848681,20172610.827343017,20137716.434565123,NA,20033741.68960432,19981718.75999384
159,Svislach Reservoir,25516.150674991983,43178.30197260241,122945.08195335536,NA,41129.71914074468,42349.83538182578,66328.61165828329,58698.68695659267,15317.63367864571,2592.107697056789,3700.839697744332,NA,29033.18393909231,34894.79549571019,1250.8539883333094,13818.51172024596,1055671.663701405,1050735.038385384,969859.5264039432,NA,1026342.544975206,1019260.817177507,1028925.9824084264,1023988.2493782043
160,Svitsaz,7761.820494393735,18959.025993347143,24829.10280815572,NA,21994.780862067702,NA,31145.191344407016,16182.369048384116,20532.38064757701,26376.818950024768,44698.42820644005,NA,45597.75890291998,NA,39336.1620406955,52311.33645682241,1721881.7117131096,1704840.067911709,1680648.3818404851,NA,1682404.305474584,NA,1679694.559469978,1681682.2073498743
161,Servach,96842.88691244672,109713.05269257777,NA,NA,118003.6285861445,NA,198231.4514407586,142086.60993030007,169098.54624280756,204874.9276524115,NA,NA,234123.79763971976,NA,174564.0072831547,243471.36479697155,4354766.814472378,4306120.267282642,NA,NA,4268580.821401768,NA,4247912.788903719,4235150.27290036
162,Jurgionys Reservoir,152660.81076147055,198667.0598029192,247484.60416913487,NA,197122.8262301575,186604.53776019227,264096.60340692854,204919.92916638232,122734.562116406,39037.268476493686,93178.3566253363,NA,117174.20391169532,136716.9618411943,44638.78790664673,110316.6035503911,727311.5063278498,765002.5509263133,662043.9184112549,NA,688409.8490638733,679385.3796043396,693971.4878921509,687470.3464889526
163,Wigry,2103233.1010970464,1864148.2162758613,NA,NA,NA,1274699.4632451667,1679528.898479519,1439856.5777662531,1262862.0015816935,1287970.8031408866,NA,NA,NA,1977058.9378161875,1529058.893114187,1738750.8635691782,17749053.585274853,18247334.78939928,NA,NA,NA,18147695.40775468,18190866.017222315,18220846.367480595
164,Serwy,109991.51149241145,NA,NA,NA,130056.06414070888,105614.54840723678,134884.8867813858,144721.6981448004,192469.5268116672,NA,NA,NA,289105.04555939324,230528.6831808205,206222.3304075354,206606.8886328754,4160104.4890152896,NA,NA,NA,4043404.417619265,4126422.29573131,4121458.310130447,4111236.940541691
165,Mikaszewo,42482.10930952186,67574.57582252358,NA,NA,43317.21073170085,31430.89931118533,72701.63119327331,42909.68331247967,127826.62280521764,8254.04778141695,NA,NA,42627.49178359087,36736.23733197379,13006.521841445625,33314.89178270826,1081825.2301577253,1163531.0671444477,NA,NA,1166189.2597571737,1183966.8256293058,1166425.8092377458,1175909.3871772774
166,Pomorze,108695.97350752586,NA,NA,NA,152656.7467871571,118702.07637586398,277764.708633752,108180.64106828274,159138.37602537576,NA,NA,NA,191844.6549728693,237896.9158224669,128650.38988189698,240341.38367201888,2599897.6840856974,NA,NA,NA,2523230.631858572,2511133.041420267,2461316.935102949,2519210.0088782967
167,Gremzdy,157030.01451706258,292061.9220185971,NA,NA,NA,148069.51286666,155762.6254569411,131104.75271977455,184177.17053266044,105983.20479461068,NA,NA,NA,281878.2303450341,273220.75790688006,292962.217248969,1618252.3201243829,1561414.378360898,NA,NA,NA,1529511.761962412,1530476.121810285,1535157.426501749
168,Pierty,NA,215462.2120189592,NA,NA,NA,156060.11769247614,225467.71098233387,165086.9149787603,NA,93058.76039552876,NA,NA,NA,175686.1894314186,94031.65964509553,171391.01296068076,NA,1926258.2273946127,NA,NA,NA,1903032.8926852057,1915279.8291816711,1898301.2718696592
169,Krzywe,NA,184627.40299558395,NA,NA,NA,114923.35767388435,169027.7046943212,133462.4032931158,NA,54566.94071990368,NA,NA,NA,134454.03646431712,61264.95222196394,75667.68819813446,NA,1162943.333979303,NA,NA,NA,1152760.28355659,1171845.020778506,1193007.5862035418
170,Okmin,54685.902093191726,59819.30000623816,NA,NA,NA,48797.990831936135,61733.820323899214,71392.1378607956,14613.545710814233,18089.95058704451,NA,NA,NA,19270.99329407636,12728.862768689323,1640.1423415688907,1093100.8690314798,1084491.0662422029,NA,NA,NA,1094331.3327094736,1087937.6337428975,1089368.0366331213
171,Szelment Wielki,160184.49444738627,188006.74873610795,NA,59059.901989357226,NA,70182.91176458636,82449.66521872731,139360.49376811576,80827.58544316012,111423.51610144824,NA,135248.3879831053,NA,211620.31694585743,201577.6334475048,161708.4622857337,3116591.795061672,3058173.610114661,NA,3163295.584979755,NA,3075800.6462417752,3073576.5762859858,3056534.9188983697
172,Szelment Maly,NA,116043.09680741244,NA,NA,NA,39901.60265863451,85925.19517826746,53637.36705008117,NA,87909.17303311215,NA,NA,NA,169842.55066990564,105515.30733690449,133163.96794789634,NA,1418711.025167263,NA,NA,NA,1412919.1416792474,1431222.792492616,1435861.96000981
173,Hańcza,47525.91580807558,65611.56097397154,NA,13386.95694259941,NA,23896.14580535889,32538.183100277776,65765.06009196867,26415.141212598013,35355.46749667002,NA,105040.80105729944,NA,57512.02524198648,45207.353227907086,19223.1825554642,2912423.792009297,2884227.3719318574,NA,2867937.0910300706,NA,2904956.677982625,2908619.312701786,2901376.6063825386
174,Holny,94167.26175673236,NA,NA,NA,99781.67322413129,106565.37124912028,118416.33052031566,101909.21015717748,104426.84759276148,NA,NA,NA,118300.59612939878,112963.11283717435,94548.57668163824,114468.75799390012,1270745.514964938,NA,NA,NA,1251257.354960902,1249811.140228137,1256374.7171124774,1252961.6561633542
